Name,Tier,Agility,Body,Cunning,Mind,Essence,Acrobatics,Archery,Brawl,Melee,Stealth,Athletics,Awareness,Might,Presence,Resilience,Insight,Masquerade,Persuasion,Streetwise,Survival,Academics,Composure,Craft,Medicine,Mixology,Meditation,Performance,Rapport,Sorcery,Theurgy,Health,Roster,Weapon,Support,Armor,Pronouns,Card Techniques,Encounter Techniques,Weapon Uses,Heal Cards,Heal Bonus,Heal Range,Passives,Battle Tactic,Parry Weapons,Notes,Defense Choices,Play Style
Baseline Tier 1 Party Member,1,2,2,2,1,2,2,0,0,3,1,0,2,1,0,2,2,0,2,0,1,0,2,0,1,0,0,0,0,0,0,10,TRUE,,,Light,,,,,,,,,,,"Validated on-level roster (win-rate grid) - the smoothed PC_SKILLS_COMBAT variant, see design/ENEMY_ENCOUNTER_DESIGN.md Analysis and this CSV's own header comment. Armor=Light for every Baseline row regardless of Tier (several would technically qualify for Medium on Might Skill Total alone) - a uniform 'typical adventurer' loadout, matching the enemy Roster's own uniform Light Armor choice, rather than gear scaling with Tier on its own axis",,Diver
Baseline Tier 2 Party Member,2,3,2,2,2,3,3,0,0,3,1,2,2,1,0,3,2,0,2,2,1,0,3,2,1,0,0,0,0,0,0,13,TRUE,,,Light,,,,,,,,,,,"Validated on-level roster (win-rate grid) - the smoothed PC_SKILLS_COMBAT variant, see design/ENEMY_ENCOUNTER_DESIGN.md Analysis and this CSV's own header comment",,Diver
Baseline Tier 3 Party Member,3,3,3,3,3,3,4,0,0,4,2,2,2,2,0,3,3,0,3,2,2,0,3,2,2,0,0,0,0,0,0,13,TRUE,,,Light,,,,,,,,,,,"Validated on-level roster (win-rate grid) - the smoothed PC_SKILLS_COMBAT variant, see design/ENEMY_ENCOUNTER_DESIGN.md Analysis and this CSV's own header comment",,Diver
Baseline Tier 4 Party Member,4,4,4,3,3,4,5,0,0,4,2,2,3,2,0,4,3,0,4,1,2,0,4,2,2,0,0,0,0,0,0,14,TRUE,,,Light,,,,,,,,,,,"Validated on-level roster (win-rate grid) - the smoothed PC_SKILLS_COMBAT variant, see design/ENEMY_ENCOUNTER_DESIGN.md Analysis and this CSV's own header comment",,Diver
Baseline Tier 5 Party Member,5,4,4,4,4,4,4,0,0,5,2,3,3,2,0,4,4,0,4,3,2,0,4,3,2,0,0,0,0,0,0,14,TRUE,,,Light,,,,,,,,,,,"Validated on-level roster (win-rate grid) - the smoothed PC_SKILLS_COMBAT variant, see design/ENEMY_ENCOUNTER_DESIGN.md Analysis and this CSV's own header comment",,Diver
Hilde,1,2,3,1,1,2,2,0,0,3,0,1,1,3,2,2,2,0,0,0,0,0,2,0,0,0,0,0,0,0,0,10,FALSE,2H Heavy Melee,,Medium,she/her,Second Wind,,,,,,,,,"Barbarian, Body-primary melee duelist (player-drafted build, replacing the earlier reference version of this character) - Weapon=2H Heavy Melee (I120, weapon_categories.csv WC004: Damage 5 + [Body], Skill Melee) - Armor=Medium (I129 'Heavy Armor' in her export, but per the designer this is the main branch's naming and should read as Medium here; Might Skill Total 6 clears both Medium's real Might Requirement of 5 and 2H Heavy Melee's own Might Requirement of 6) - Card Techniques: Second Wind (T012, 0 AP self-heal when Wounded - tactics.try_second_wind), budget card_uses_left = hand_size // 3 = 4 // 3 = 1 use this fight. Furious Rage (T130) and Battle Maneuver's own Lunging/Half Guard features (T072) are flavor/not modeled, same as every other Technique this sim doesn't itemize - see combat_sim.py's own docstring for the general simplification list. 75 XP verified (28 Stats + 29 Skills + 18 Techniques).",,Diver
Browndog,1,3,2,1,1,2,1,0,2,3,1,1,1,3,2,2,2,0,0,0,0,0,1,0,0,0,0,0,0,0,0,10,FALSE,,,Medium,she/her,,Challenge,,,,,,,"1H Heavy Melee, Shield","Fighter, Agility-primary melee disruptor (player-drafted build, replacing the earlier reference version) - Weapon left blank (I118 Heavy One-Handed Melee Weapon, weapon_categories.csv WC002, is an exact match for the sim's own blank-Weapon default: Damage 4 + [Body], Skill Melee) - also carries a Shield (I126, WC010: +2 to a chosen Defense) but its Defense bonus isn't modeled here (this sim doesn't model item/weapon Defense bonuses at all yet, only worn Armor's) - Armor=Medium (I129 'Heavy Armor' read as Medium per the designer's main-branch note; Might Skill Total 5 exactly clears Medium's real Might Requirement of 5). Brace (T001, Protected), Follower (T059) and Battle Maneuver's own Lunging/Half Guard features are flavor/not modeled. 75 XP verified (28 Stats + 29 Skills + 18 Techniques). Challenge (T058) is modeled via Encounter Techniques: she Taunts the enemy closest to the party's most fragile member.",,Diver
Carrick,1,2,2,2,2,2,3,0,0,0,2,0,1,1,0,1,2,0,2,3,0,0,0,2,0,0,0,0,0,0,0,10,FALSE,Light Thrown,,Light,she/her,Perfect Strike,,,,,,,,,"Rogue, a versatile Acrobatics/Stealth/Streetwise build (player-drafted, replacing the earlier alchemist-concept version of this character - that concept moved to Jackal, see her own Notes) - Weapon=Light Thrown (I121, weapon_categories.csv WC005: Damage 3 + [Cunning], Skill Acrobatics - same weapon/Skill pairing as Rook's existing build) - Armor=Light (Might Skill Total 3 exactly clears Light's real Might Requirement of 3) - Card Techniques: Perfect Strike (T078, 0 AP - +2 Good Luck on an attack where she Gambles - tactics.perfect_strike_bonus), budget card_uses_left = hand_size // 3 = 8 // 3 = 2 uses this fight. Legerdemain (T034) and Rumormonger (T065) are both non-combat and not modeled. 75 XP verified (30 Stats + 27 Skills + 18 Techniques).",,Skirmisher
Jackal,1,2,2,2,3,2,3,0,0,0,1,1,1,1,0,2,2,0,0,0,0,2,1,0,0,3,0,0,1,0,0,10,FALSE,Light Thrown,,Light,she/her,Bottomless Bottles,,,,,,,,,"Alchemist, a Mixology/Acrobatics build entirely reliant on Bottomless Bottles for anything beyond her baseline weapon (player-drafted, replacing the earlier scout-concept version of this character - that concept isn't currently represented in this roster) - Weapon=Light Thrown (I121, same WC005 pairing as Carrick/Rook) - Armor=Light (Might Skill Total 3 exactly clears Light's real Might Requirement of 3) - Card Techniques: Bottomless Bottles (T053, tactics.bottomless_bottles_choice) - substitutes Bottled Fire (I030, a [Grenade] - Acrobatics Skill Total, no accuracy bonus, flat 8 Fire damage, opposed by Dodge alone) for one of her normal attacks; Healing Potion dropped per the designer's own call (balancing two items off one budget was 'a bit tricky,' not worth it for one PC). bottled_fire_uses_left is a dedicated per-fight count, not the generic card_uses_left // 3 budget the other Card Techniques share, since Bottomless Bottles' own resource is Gold, not just 'a card': hand_size=10, spend 2/3 of a day's cards on it (10 x 2 // 3 = 6) for a Gold budget of 4 x 6 = 24 (T053's own Effects text), Bottled Fire costs 4 Gold (items.csv - the designer's own general rule for alchemy items without a specific price, 2 x Level, applied sitewide to every blank-Cost Grenade/Potion row), giving 24 // 4 = 6 Bottled Fire a day, and a single fight gets half of that (3) per the designer's own framing. 75 XP verified (36 Stats + 27 Skills + 12 Techniques - she spent more on Stats/less on Techniques than the usual 57/18 split, still totals 75).",,Skirmisher
Felix,1,3,2,1,2,2,0,0,3,0,2,0,1,1,0,1,2,0,0,0,0,0,1,0,0,0,3,0,2,0,0,10,FALSE,Unarmed,,Light,he/him,,"Firefly Leaves the Hand, Thief Empties the Vessel",,,,,,,,"Monk, a cat Wildfolk: the designer's own Level 1 build (Builder export 2026-10-08, archive/player_builds/Felix-the-Mystic-2026-10-08.json), replacing the earlier stand-in. Player note: ""Plays carefully but tries to tactically remove targets and is capable of fighting in the front lines."" Weapon=Unarmed (Brawl 6 + 2 = attack +8, Damage 2 + Body = 4, Parry 15), Armor=Light. Modeled: Firefly Leaves the Hand (T080, Meditation vs Mental, 4 Brilliant) and Thief Empties the Vessel (T159, Meditation vs Vital, 4 Shadow) as Encounter attacks. Not modeled yet: Thief's discard-a-card heal of 3, Great Old Oak School - Boughs Unbroken (T175, his Style: no Harried from Parrying with Unarmed, cleanse a debuff on an Unarmed hit), Battle Maneuver (T072 Level 1: Bare-Handed, Half Guard x2, Lunging; the export predates the builder granting Bare-Handed's 2 extra points). 75 XP: 32 Stats + 25 Skills + 18 Techniques.",,Skirmisher
Enith,1,2,1,2,2,2,2,0,0,2,1,0,1,2,0,1,3,0,2,0,0,1,2,0,0,0,0,0,0,3,0,10,FALSE,1H Light Melee,,Light,she/her,,Hex of Sloth,,,,,Hand of Chaos,,,"Duelist, the designer's Warlock stand-in, a Settler: the designer's own Level 1 build (Builder export 2026-10-08, archive/player_builds/Enith-the-Shade-2026-10-08.json). Her blade is the bread-and-butter offense, paired with non-damaging Sorcery hexes. Weapon=Soulblade as a Light One-Handed Melee Weapon (Melee 4 + 1 = attack +5, Damage 3 + Cunning = 5, Parry 13), Armor=Light. Modeled: Hand of Chaos (T131, the sim's flat Sift stand-in) and Hex of Sloth (War Magic L1 with Tormenting Curse + Frigid: Sorcery 5 vs Dodge for now, no damage, Slowed 2 + [Spades]). Not modeled yet: Hex of Rebuking (Tormenting Curse + Kinetic: a Push, which the sim doesn't have), Temper Soulblade's Fatestealer (cards), the 3 extra points Tormenting Curse grants each hex (the export predates the builder granting them), and which Defense each hex targets. 75 XP: 26 Stats + 31 Skills + 18 Techniques.",,Skirmisher
Ashleigh,1,2,2,1,1,3,2,0,0,0,1,0,1,1,3,1,1,0,0,0,0,0,2,0,0,0,0,3,3,0,0,10,FALSE,Light Thrown,,Light,she/her,,,,,,,,,,"Leader, a bard and cat Wildfolk: the designer's own Level 1 build (Builder export 2026-10-08, archive/player_builds/Ashleigh-the-Bard-2026-10-08.json). Weapon=Light Thrown (Acrobatics 4 + 1 = attack +5, Damage 3 + Cunning = 4, Range 3 x Body = 6), Armor=Light. Not modeled yet: Raise Spirits (T069 Level 4: for 1 AP as an Interrupt, give an ally within [Performance Skill Total = 6] meters Good Luck on an attack they declare) - her main combat contribution. Favorite Face (T063) is social only. 75 XP: 28 Stats + 29 Skills + 18 Techniques.",,Back-liner
Sable,1,3,1,2,1,1,2,3,0,0,2,0,2,2,0,2,3,0,2,0,0,0,2,0,0,0,0,0,0,0,0,10,FALSE,Light Bow,,Light,she/her,Perfect Strike,,,,,,"Hand of Chaos, One Eye Behind You",,,"Deadeye, an Agility/Archery build (player-drafted, replacing the earlier reference-build version of this character) - Weapon=Light Bow (I123, the actual craftable item - Accuracy +1, Damage 3 + [Cunning], Skill Archery, Range 19m; this sim's own tunables.WEAPON entry used to read 15m off weapon_categories.csv's more abstract category instead - corrected to match the real item) - Armor=Light (Might Skill Total 3 exactly clears Light's real Might Requirement of 3). All three of her Techniques are modeled: Perfect Strike (T078, tactics.perfect_strike_bonus - +2 Good Luck on any weapon attack) and Hand of Chaos (T131, tactics.sift_bonus - a flat 1-in-4 chance of +1 damage on a hit, the designer's own explicit stand-in for real suit-pool tracking, which this sim doesn't have) both share her card_uses_left/passives budget as usual. One Eye Behind You (T011) is Passives=One Eye Behind You: Good Luck on her Reflex flip specifically (combat_sim._roll_initiative/_resolve_group_order check for it), so she tends to go early in turn order - verified over 500 fights, her average initiative position is ~1.4th of 8 vs. ~3.5th for a random unit. The technique's other half (discard a card to manually reorder turn order mid-fight) isn't modeled - an of-the-moment tactical choice this sim has no basis to make for a player. 75 XP verified (24 Stats + 33 Skills + 18 Techniques).",,Back-liner
Rook,1,2,3,2,1,1,3,0,0,1,0,3,2,2,0,1,2,0,0,0,2,0,2,0,0,0,0,0,0,0,0,10,FALSE,Light Thrown,,Light,,,,,,,,,,,"Skirmisher/knife-thrower, Body-primary - Weapon=Light Thrown (weapon_categories.csv WC005: Accuracy +1, Damage 3 + [Cunning], Range Close or 3 x Body, Skill Acrobatics or Melee - Acrobatics chosen here), so this build's own Range scales directly off Body rather than being fixed like a bow - built specifically to test combat_sim's movement=True mode from the PC side, see combat_sim.py's own note on the result - Armor=Light (Might Skill Total 5 clears Medium too, but Light was picked on purpose to keep a skirmisher's Dodge/Speed unpenalized) - built to rulebook.md's own Quick Creation Reference shape (2 Skills@3, 5@2, 2@1; 1 Stat@3, 2@2, 2@1), 57 XP in Skills+Stats + 18 XP (6 Levels) of Techniques (not modeled here) = 75 total, matching chargen exactly",,Skirmisher
Wren,1,2,1,1,2,3,2,0,0,1,0,0,2,0,0,1,2,0,0,0,0,2,3,0,0,0,2,0,0,3,0,10,FALSE,War Magic (Lance),,Unarmored,,,,,,,,,,,"Mage, Essence-primary - Weapon=War Magic (Lance) (T120's own Sorcery-spell attack, plus its Lance feature - features.csv F064 - which sets Range = Sorcery Skill Total meters; Damage 2 + [Mind] Fire straight from T120's own Effects text, opposed by Dodge alone per T120's own 'Dodge or Vital, chosen when you learn this' rule, no Accuracy bonus since it's a Spell attack, not a weapon-category one) - built specifically to test combat_sim's movement=True mode from the PC side, see combat_sim.py's own note on the result - Armor=Unarmored (Might Skill Total 1, and it wouldn't help her Fire attacks' own elemres anyway) - built to rulebook.md's own Quick Creation Reference shape (2 Skills@3, 5@2, 2@1; 1 Stat@3, 2@2, 2@1), 57 XP in Skills+Stats + 18 XP (6 Levels) of Techniques (not modeled here) = 75 total, matching chargen exactly",,Back-liner
Beornhard,1,2,2,1,3,3,0,0,2,0,1,0,0,1,0,1,1,0,0,0,0,2,2,0,0,0,0,0,0,3,0,10,FALSE,War Magic (Lance),,Light,he/him,Warmage's Reserves,,3,,,,,,2H Light Melee,"Arcanist, a damage-mage build entirely reliant on War Magic (player-drafted, replacing the earlier melee-support-healer version of this character - that support/healer concept isn't currently represented in this roster) - Weapon=War Magic (Lance) (T120 x3 + its own Lance feature - Sorcery Skill Total 6, Damage 2 + [Mind] = 5 Fire, Range = Sorcery Skill Total = 6m via Lance, opposed by Dodge - Dodge picked to match Wren's existing build, since the JSON export doesn't capture this one-time chargen choice) - carries a Light Two-Handed Melee Weapon (I119) too, but his Melee Skill is 0, so it's not used - War Magic is his only real attack, same 'no fallback' situation as Felix. Weapon Uses=3 (his 3 known copies of War Magic, an Encounter Technique - techniques.csv/Warmage's Reserves both call it that) + Warmage's Reserves (T124, 0 AP interrupt, discard X cards) adds ceil(hand_size / 3) = ceil(8/3) = 3 more, so 6 total War Magic casts this fight (party.py's own Weapon Uses paragraph) - once exhausted he simply doesn't attack that turn, no melee fallback. Shadow Jaunt (T097, teleport) is non-combat mobility and not modeled. Armor=Light (Might Skill Total 3 exactly clears Light's real Might Requirement of 3). 75 XP verified (38 Stats + 19 Skills + 18 Techniques).",,Back-liner
Hanforth,1,2,2,3,3,2,0,0,2,0,1,1,0,1,0,2,1,0,0,0,1,0,1,0,0,0,0,0,0,0,3,10,FALSE,Unarmed,TRUE,Light,he/him,,,,2,2,4,,Straggler Hunter,,"Of Epione, a dedicated Theurgy healer (new addition, not a replacement) - Weapon=Unarmed (weapon_categories.csv WC009: Accuracy +2, Damage 2 + [Body or Cunning], Skill Brawl - his own Cunning is higher than Body, so that's what's used; carries a Light Two-Handed Melee Weapon, I119, but his Melee Skill is 0, same 'not used' situation as Beornhard/Felix, so Unarmed/Brawl is his real attack instead) - Armor=Light (Might Skill Total 3 exactly clears Light's real Might Requirement of 3) - Support=TRUE, Healing Magic (T105) at Level 2 with Vitality x2 (features.csv F057, +1 healing per copy): Heal Cards=2 (T105's own Cost is 'Discard [Level] cards', so a Level 2 casting discards 2, each assumed a Heart per the existing guaranteed-favorable-discard convention), Heal Bonus=2 (Vitality x2's own flat total), Heal Range=4 (only enforced under movement=True - tactics.strategy_support_healer won't reach for an ally farther than that) - his own heal comes out to 1 + 2 (Hearts) + 2 (Vitality) = 5 Shallow Health per use. heal_uses_left = hand_size // 4 = 12 // 4 = 3 uses this fight. Battle Tactic=Straggler Hunter (tactics.target_straggler) - he still attacks when he can (Support doesn't stop him fighting between heals), but goes after whichever enemy is most isolated from its own pack rather than the nearest/first, so closing to his own melee range doesn't also put him in the middle of the main clump. Placeholder's Lengthy Ley-weaving (T133, +3m Range on Spells/Disciplines) and Gust of Wind (T107, a non-damage Theurgy Push spell) aren't modeled - Ley-weaving only matters for a Spell this build doesn't have (Gust of Wind deals no Damage, nothing else here to extend the Range of), and Gust of Wind's own Push effect needs a positioning mechanic this sim doesn't have. 75 XP verified (42 Stats + 18 Skills + 15 Techniques - he spent more on Stats/less on Techniques than the usual 57/18 split, still totals 75).",,Back-liner
Hilde (L2),2,3,4,1,1,2,2,0,0,4,0,2,2,4,2,3,2,0,0,0,0,0,2,0,0,0,0,0,0,0,0,13,FALSE,2H Heavy Melee,,Medium,she/her,Second Wind,,,,,,,,,"Level 2 version of Hilde (+50 XP, 125 total, the Tier schedule the Baseline Tier 2 row uses; split ~+15 Stats/+15 Skills/+20 Techniques). New Techniques: Toughened Body, Strength from the Slain, Follow Through, Brace. Toughened Body shows up as Health 13. Only Techniques this sim models change anything beyond Stats/Skills - see the Hilde row's own Notes for the Level 1 build.",,Diver
Browndog (L2),2,4,3,1,1,2,2,0,2,4,1,1,2,3,3,3,2,0,0,0,1,0,1,0,0,0,0,0,0,0,0,13,FALSE,,,Medium,she/her,,"Challenge, Taunting Strike",,,,,Inexhaustible Guardian,,"1H Heavy Melee, Shield","Level 2 version of Browndog (+50 XP, 125 total, the Tier schedule the Baseline Tier 2 row uses; split ~+15 Stats/+15 Skills/+20 Techniques). New Techniques: Toughened Body, Inexhaustible Guardian, Perfect Strike. Toughened Body shows up as Health 13. Only Techniques this sim models change anything beyond Stats/Skills - see the Browndog row's own Notes for the Level 1 build. Challenge (T058) is modeled via Encounter Techniques: she Taunts the enemy closest to the party's most fragile member. Perfect Strike swapped for Taunting Strike (a placeholder Level 2 Guardian Technique, not in techniques.csv yet: a weapon attack that Taunts 3 + [Hearts] on a hit) so she carries two taunts, per the designer.",,Diver
Carrick (L2),2,3,2,3,2,2,4,0,0,0,3,0,2,1,0,1,3,1,2,4,0,0,0,2,0,0,0,0,0,0,0,10,FALSE,Light Thrown,,Light,she/her,Perfect Strike,,,,,,Hand of Chaos,,,"Level 2 version of Carrick (+50 XP, 125 total, the Tier schedule the Baseline Tier 2 row uses; split ~+15 Stats/+15 Skills/+20 Techniques). New Techniques: Hand of Chaos, Blinkstep, Shadow's Path, Parting Shot. Toughened Body shows up as Health 13. Only Techniques this sim models change anything beyond Stats/Skills - see the Carrick row's own Notes for the Level 1 build.",,Skirmisher
Jackal (L2),2,3,2,2,4,2,4,0,0,0,1,1,1,1,0,3,2,0,0,0,1,3,1,0,0,4,0,0,1,0,0,13,FALSE,Light Thrown,,Light,she/her,Bottomless Bottles,,,,,,Mighty Mixologist,,,"Level 2 version of Jackal (+50 XP, 125 total, the Tier schedule the Baseline Tier 2 row uses; split ~+15 Stats/+15 Skills/+20 Techniques). New Techniques: Mighty Mixologist, Toughened Body, Quick Draw, Parting Shot. Toughened Body shows up as Health 13. Only Techniques this sim models change anything beyond Stats/Skills - see the Jackal row's own Notes for the Level 1 build.",,Skirmisher
Sable (L2),2,4,2,2,1,1,3,4,0,0,3,0,3,2,0,2,4,0,2,0,0,0,2,0,0,0,0,0,0,0,0,10,FALSE,Light Bow,,Light,she/her,Perfect Strike,,,,,,"Hand of Chaos, One Eye Behind You",,,"Level 2 version of Sable (+50 XP, 125 total, the Tier schedule the Baseline Tier 2 row uses; split ~+15 Stats/+15 Skills/+20 Techniques). New Techniques: Battle Maneuver (L2), Blinkstep, Shadow's Path, Parting Shot. Toughened Body shows up as Health 13. Only Techniques this sim models change anything beyond Stats/Skills - see the Sable row's own Notes for the Level 1 build.",,Back-liner
Rook (L2),2,3,4,2,1,1,4,0,0,1,1,4,3,2,0,1,3,0,0,0,2,0,2,0,0,0,0,0,0,0,0,10,FALSE,Light Thrown,,Light,,Perfect Strike,,,,,,,,,"Level 2 version of Rook (+50 XP, 125 total, the Tier schedule the Baseline Tier 2 row uses; split ~+15 Stats/+15 Skills/+20 Techniques). New Techniques: Perfect Strike, Blinkstep, Quick Draw, Parting Shot. Toughened Body shows up as Health 13. Only Techniques this sim models change anything beyond Stats/Skills - see the Rook row's own Notes for the Level 1 build.",,Skirmisher
Wren (L2),2,2,1,1,3,4,3,0,0,1,1,0,2,0,0,1,2,0,0,0,0,3,4,0,0,0,2,0,0,4,0,10,FALSE,War Magic (Lance),,Unarmored,,Warmage's Reserves,,,,,,Overchanneling,,,"Level 2 version of Wren (+50 XP, 125 total, the Tier schedule the Baseline Tier 2 row uses; split ~+15 Stats/+15 Skills/+20 Techniques). New Techniques: Overchanneling, Warmage's Reserves, War Magic (L2). Toughened Body shows up as Health 13. Only Techniques this sim models change anything beyond Stats/Skills - see the Wren row's own Notes for the Level 1 build.",,Back-liner
Beornhard (L2),2,2,2,1,4,4,0,0,2,0,1,0,1,1,0,2,1,0,0,0,0,3,3,0,0,0,0,0,0,4,0,13,FALSE,War Magic (Lance),,Light,he/him,Warmage's Reserves,,4,,,,Overchanneling,,2H Light Melee,"Level 2 version of Beornhard (+50 XP, 125 total, the Tier schedule the Baseline Tier 2 row uses; split ~+15 Stats/+15 Skills/+20 Techniques). New Techniques: War Magic (L2), Overchanneling, Toughened Body. Toughened Body shows up as Health 13. Only Techniques this sim models change anything beyond Stats/Skills - see the Beornhard row's own Notes for the Level 1 build. 2026-09-30: his War Magic copies are split between Dodge and Vital (T120 picks one per copy when learned), simulated as a coin flip per cast, per the designer.",Dodge|Vital,Back-liner
Felix (L2),2,3,1,3,1,3,4,0,4,0,2,2,2,0,0,3,2,0,0,0,0,0,3,0,0,0,3,0,0,0,0,13,FALSE,Unarmed,,Unarmored,he/him,,"Firefly Leaves the Hand, Hand Rings the Bell, Hand Rings the Bell",,,,,,,,"Level 2 version of Felix (+50 XP, 125 total; ~+15 Stats/+15 Skills/+20 Techniques, same schedule as the other (L2) rows). New Techniques: Hand Rings the Bell x2 (T154, Unarmed vs Mental, Brilliant, Slowed 2 + [Spades]) and Toughened Body (Health 13). See the Felix row for the build.",,Skirmisher
Hanforth (L2),2,2,3,3,3,3,0,0,3,0,1,1,0,1,0,3,2,0,0,0,2,0,2,0,1,0,0,0,0,0,4,13,FALSE,Unarmed,TRUE,Light,he/him,,Reckoning,,2,2,4,,Straggler Hunter,,"Level 2 version of Hanforth (+50 XP, 125 total, the Tier schedule the Baseline Tier 2 row uses; split ~+15 Stats/+15 Skills/+20 Techniques). New Techniques: Lifeline, Spirit Blessing, Toughened Body, Brace. Toughened Body shows up as Health 13. Only Techniques this sim models change anything beyond Stats/Skills - see the Hanforth row's own Notes for the Level 1 build. 2026-09-30: Reckoning (T111, Theurgy vs Mental, Crippled 5 + [Clubs]) swapped in for Brace, per the designer, so the party's healer has a debuff on an enemy's Mental Defense.",,Back-liner
HOLE (90 XP),1,2,3,1,1,2,3,0,2,0,2,0,1,1,0,2,2,0,0,0,2,0,3,0,0,0,0,0,0,0,2,10,FALSE,Heavy Thrown,,Light,,,,,,,,,,,"Real player build from the designer's current campaign (~90 XP), shared 2026-10-08 - see archive/player_builds/HOLE_2026-10-08.md for the share link and full breakdown. Stats/Skills/Techniques are exact. Per the designer: Light armor; Soulblade makes a Heavy Thrown weapon (Acrobatics 5 + 0 to hit, Damage 4 + Body = 7, Range 3 x Body = 9); Temper Soulblade is Level 2 with Fatestealer (I092: a kill gains 3 charges, spent to Sift or draw cards) - not modeled, since the sim has no real hand yet. That makes 81 XP spent (Temper Soulblade at Level 2). Spacious Gut, Gorger and Vow of Poverty are non-combat. Health 10 (no Toughened Body). Play Style Skirmisher: a light-armored thrower. Thrown weapons can't Parry, so Parry falls back to Unarmed.",,Skirmisher
