Name,Level,Slots,Role,PrimaryDef,SecondaryDef,SecondaryDef2,Action,Armor,StatOrder,BattleTactic,FightingStyle,Abilities,BackupAction,MainEffect,Roster,Archetype,DamageBonus,AccuracyBonus,DefenseBonus,ParryTier,DodgeTier,BodilyTier,MentalTier,VigilantTier,AttackTier,HealthBonus,Notes,StrongDefense
Marsh Viper Scout,1,1,Striker,Bodily,Parry/Dodge,,Offensive Melee,Light,,Hit Whatever,Flurry,,,,FALSE,Neutral,,,,,,,,,,,"Was the Level 1 Roster pick (4x clone, Flurry) - superseded by the Mixed-Style 4-archetype mix (Hedge Knight/Marsh Archer/Skulking Footpad/Fen Warden, see sample_enemies.py's own MIXED_ROSTER) once real drafted PCs showed on-level fights reading far too easy and every enemy defaulting to Flurry made the archer specifically read as a polarizing double-tap threat. Kept as a reference build, still reachable via get_enemy('Marsh Viper Scout').",
Ironbranch Skirmisher,2,1,Bruiser,Parry/Dodge,Mental,,Ranged Spell,Light,,Hit Whatever,Flurry,,,,TRUE,Roster,,,,,,,,,,,Validated on-level roster (win-rate grid) - see ENEMY_ENCOUNTER_DESIGN.md Analysis section,
Ironbranch Warden,3,1,Bruiser,Bodily,Mental,,Ranged Weapon,Light,,Assassin,Guarded,,,,TRUE,Roster,,,,,,,,,,,Validated on-level roster (win-rate grid) - see ENEMY_ENCOUNTER_DESIGN.md Analysis section,
Deadbough Priest,4,1,None,Bodily,Mental,,Melee Spell,Light,,Assassin,Flurry,,,,TRUE,Roster,,,,,,,,,,,Validated on-level roster (win-rate grid) - see ENEMY_ENCOUNTER_DESIGN.md Analysis section,
Deep Coven Matriarch,5,1,Striker,Mental,Bodily,,Ranged Spell,Light,,Assassin,Guarded,,,,TRUE,Roster,,,,,,,,,,,Validated on-level roster (win-rate grid) - see ENEMY_ENCOUNTER_DESIGN.md Analysis section,
Generic Level 1 Melee Fighter,1,1,None,,,,Offensive Melee,Light,,Hit Whatever,Guarded,,,,FALSE,Neutral,,,,,,,,,,,"No Role or Defense-tier skew on purpose - a neutral reference point for item-balancing checks, not tuned for the win-rate grid",
Generic Level 1 Power-Attack Fighter,1,1,Bruiser,,,,Offensive Melee,Light,,Hit Whatever,Guarded,,,,FALSE,Power-Attack,,,,,,,,,,,"Bruiser role for a ""close to barbarian, not fully"" power-attack lean, still no Defense-tier pick - reference build for item-balancing checks",
Generic Level 1 Max-Damage Fighter,1,1,Striker,,,,Offensive Melee,Light,,Hit Whatever,Guarded,Powerful Weapon,,,FALSE,Max-Damage,,,,,,,,,,,"Striker Role (accuracy+damage) plus the Powerful Weapon ability (+1 more damage, -1 accuracy/-1 Parry) - picks every damage lever this simulator has wired, at the cost of accuracy and Parry",
Generic Level 1 Ranged Caster,1,1,Strategist,,,,Ranged Spell,Light,,Kiting,Guarded,Powerful Spell,,,FALSE,Ranged Caster,,,,,,,,,,,"Strategist Role (accuracy+Bodily+Mental) plus Powerful Spell (+1 damage, own Parry set to -99/unusable) - a backline spellcaster that's given up on melee defense entirely. Kiting only actually does anything in movement mode (run_fight(..., movement=True)) - ignored otherwise, same as every BattleTactic value the non-movement sim can't act on.",
Generic Level 1 Tank,1,1,Tank,,,,Defensive Melee,Heavy,,Hit Whatever,Guarded,Durable;Enhanced Health,,,FALSE,Tank,,,,,,,,,,,"Tank Role (the most defensively-loaded Role) plus Heavy Armor, Durable (Protected regen), and Enhanced Health (+3 HP) - reads as a real wall on purpose, representing what a party would have to specifically prioritize focusing down",
Generic Level 2 Melee Fighter,2,1,None,,,,Offensive Melee,Light,,Hit Whatever,Guarded,,,,FALSE,Neutral,,,,,,,,,,,"No Role or Defense-tier skew on purpose - a neutral reference point for item-balancing checks, not tuned for the win-rate grid",
Generic Level 2 Power-Attack Fighter,2,1,Bruiser,,,,Offensive Melee,Light,,Hit Whatever,Guarded,,,,FALSE,Power-Attack,,,,,,,,,,,"Bruiser role for a ""close to barbarian, not fully"" power-attack lean, still no Defense-tier pick - reference build for item-balancing checks",
Generic Level 2 Max-Damage Fighter,2,1,Striker,,,,Offensive Melee,Light,,Hit Whatever,Guarded,Powerful Weapon,,,FALSE,Max-Damage,,,,,,,,,,,"Striker Role (accuracy+damage) plus the Powerful Weapon ability (+1 more damage, -1 accuracy/-1 Parry) - picks every damage lever this simulator has wired, at the cost of accuracy and Parry",
Generic Level 2 Ranged Caster,2,1,Strategist,,,,Ranged Spell,Light,,Kiting,Guarded,Powerful Spell,,,FALSE,Ranged Caster,,,,,,,,,,,"Strategist Role (accuracy+Bodily+Mental) plus Powerful Spell (+1 damage, own Parry set to -99/unusable) - a backline spellcaster that's given up on melee defense entirely. Kiting only actually does anything in movement mode (run_fight(..., movement=True)) - ignored otherwise, same as every BattleTactic value the non-movement sim can't act on.",
Generic Level 2 Tank,2,1,Tank,,,,Defensive Melee,Heavy,,Hit Whatever,Guarded,Durable;Enhanced Health,,,FALSE,Tank,,,,,,,,,,,"Tank Role (the most defensively-loaded Role) plus Heavy Armor, Durable (Protected regen), and Enhanced Health (+3 HP) - reads as a real wall on purpose, representing what a party would have to specifically prioritize focusing down",
Generic Level 3 Melee Fighter,3,1,None,,,,Offensive Melee,Light,,Hit Whatever,Guarded,,,,FALSE,Neutral,,,,,,,,,,,"No Role or Defense-tier skew on purpose - a neutral reference point for item-balancing checks, not tuned for the win-rate grid",
Generic Level 3 Power-Attack Fighter,3,1,Bruiser,,,,Offensive Melee,Light,,Hit Whatever,Guarded,,,,FALSE,Power-Attack,,,,,,,,,,,"Bruiser role for a ""close to barbarian, not fully"" power-attack lean, still no Defense-tier pick - reference build for item-balancing checks",
Generic Level 3 Max-Damage Fighter,3,1,Striker,,,,Offensive Melee,Light,,Hit Whatever,Guarded,Powerful Weapon,,,FALSE,Max-Damage,,,,,,,,,,,"Striker Role (accuracy+damage) plus the Powerful Weapon ability (+1 more damage, -1 accuracy/-1 Parry) - picks every damage lever this simulator has wired, at the cost of accuracy and Parry",
Generic Level 3 Ranged Caster,3,1,Strategist,,,,Ranged Spell,Light,,Kiting,Guarded,Powerful Spell,,,FALSE,Ranged Caster,,,,,,,,,,,"Strategist Role (accuracy+Bodily+Mental) plus Powerful Spell (+1 damage, own Parry set to -99/unusable) - a backline spellcaster that's given up on melee defense entirely. Kiting only actually does anything in movement mode (run_fight(..., movement=True)) - ignored otherwise, same as every BattleTactic value the non-movement sim can't act on.",
Generic Level 3 Tank,3,1,Tank,,,,Defensive Melee,Heavy,,Hit Whatever,Guarded,Durable;Enhanced Health,,,FALSE,Tank,,,,,,,,,,,"Tank Role (the most defensively-loaded Role) plus Heavy Armor, Durable (Protected regen), and Enhanced Health (+3 HP) - reads as a real wall on purpose, representing what a party would have to specifically prioritize focusing down",
Generic Level 4 Melee Fighter,4,1,None,,,,Offensive Melee,Light,,Hit Whatever,Guarded,,,,FALSE,Neutral,,,,,,,,,,,"No Role or Defense-tier skew on purpose - a neutral reference point for item-balancing checks, not tuned for the win-rate grid",
Generic Level 4 Power-Attack Fighter,4,1,Bruiser,,,,Offensive Melee,Light,,Hit Whatever,Guarded,,,,FALSE,Power-Attack,,,,,,,,,,,"Bruiser role for a ""close to barbarian, not fully"" power-attack lean, still no Defense-tier pick - reference build for item-balancing checks",
Generic Level 4 Max-Damage Fighter,4,1,Striker,,,,Offensive Melee,Light,,Hit Whatever,Guarded,Powerful Weapon,,,FALSE,Max-Damage,,,,,,,,,,,"Striker Role (accuracy+damage) plus the Powerful Weapon ability (+1 more damage, -1 accuracy/-1 Parry) - picks every damage lever this simulator has wired, at the cost of accuracy and Parry",
Generic Level 4 Ranged Caster,4,1,Strategist,,,,Ranged Spell,Light,,Kiting,Guarded,Powerful Spell,,,FALSE,Ranged Caster,,,,,,,,,,,"Strategist Role (accuracy+Bodily+Mental) plus Powerful Spell (+1 damage, own Parry set to -99/unusable) - a backline spellcaster that's given up on melee defense entirely. Kiting only actually does anything in movement mode (run_fight(..., movement=True)) - ignored otherwise, same as every BattleTactic value the non-movement sim can't act on.",
Generic Level 4 Tank,4,1,Tank,,,,Defensive Melee,Heavy,,Hit Whatever,Guarded,Durable;Enhanced Health,,,FALSE,Tank,,,,,,,,,,,"Tank Role (the most defensively-loaded Role) plus Heavy Armor, Durable (Protected regen), and Enhanced Health (+3 HP) - reads as a real wall on purpose, representing what a party would have to specifically prioritize focusing down",
Generic Level 5 Melee Fighter,5,1,None,,,,Offensive Melee,Light,,Hit Whatever,Guarded,,,,FALSE,Neutral,,,,,,,,,,,"No Role or Defense-tier skew on purpose - a neutral reference point for item-balancing checks, not tuned for the win-rate grid",
Generic Level 5 Power-Attack Fighter,5,1,Bruiser,,,,Offensive Melee,Light,,Hit Whatever,Guarded,,,,FALSE,Power-Attack,,,,,,,,,,,"Bruiser role for a ""close to barbarian, not fully"" power-attack lean, still no Defense-tier pick - reference build for item-balancing checks",
Generic Level 5 Max-Damage Fighter,5,1,Striker,,,,Offensive Melee,Light,,Hit Whatever,Guarded,Powerful Weapon,,,FALSE,Max-Damage,,,,,,,,,,,"Striker Role (accuracy+damage) plus the Powerful Weapon ability (+1 more damage, -1 accuracy/-1 Parry) - picks every damage lever this simulator has wired, at the cost of accuracy and Parry",
Generic Level 5 Ranged Caster,5,1,Strategist,,,,Ranged Spell,Light,,Kiting,Guarded,Powerful Spell,,,FALSE,Ranged Caster,,,,,,,,,,,"Strategist Role (accuracy+Bodily+Mental) plus Powerful Spell (+1 damage, own Parry set to -99/unusable) - a backline spellcaster that's given up on melee defense entirely. Kiting only actually does anything in movement mode (run_fight(..., movement=True)) - ignored otherwise, same as every BattleTactic value the non-movement sim can't act on.",
Generic Level 5 Tank,5,1,Tank,,,,Defensive Melee,Heavy,,Hit Whatever,Guarded,Durable;Enhanced Health,,,FALSE,Tank,,,,,,,,,,,"Tank Role (the most defensively-loaded Role) plus Heavy Armor, Durable (Protected regen), and Enhanced Health (+3 HP) - reads as a real wall on purpose, representing what a party would have to specifically prioritize focusing down",
Generic Level 1 Minion,1,0.5,None,,,,Offensive Melee,Light,,Hit Whatever,Guarded,,,,FALSE,Minion,,,,,,,,,,,"0.5 Slots - a horde/swarm touchstone for sample_enemies.build_encounter's Slots composition (see its own docstring): 'one slot per PC' is the default encounter budget, so two of these plus something bigger, or four alone, fill the same 2-slot share a single standard enemy would. Same Neutral (no Role/Defense-tier skew) shape as the Generic Fighter archetype, just at half Slots - tunables.SLOT_MULTIPLIER's own 1/3 Health scaling (not 1/2) is the whole point of testing this, see ENEMY_ENCOUNTER_DESIGN.md's 'Health scales non-linearly' section",
Generic Level 2 Minion,2,0.5,None,,,,Offensive Melee,Light,,Hit Whatever,Guarded,,,,FALSE,Minion,,,,,,,,,,,0.5 Slots - see Generic Level 1 Minion's own Notes for what this archetype is for,
Generic Level 3 Minion,3,0.5,None,,,,Offensive Melee,Light,,Hit Whatever,Guarded,,,,FALSE,Minion,,,,,,,,,,,0.5 Slots - see Generic Level 1 Minion's own Notes for what this archetype is for,
Generic Level 4 Minion,4,0.5,None,,,,Offensive Melee,Light,,Hit Whatever,Guarded,,,,FALSE,Minion,,,,,,,,,,,0.5 Slots - see Generic Level 1 Minion's own Notes for what this archetype is for,
Generic Level 5 Minion,5,0.5,None,,,,Offensive Melee,Light,,Hit Whatever,Guarded,,,,FALSE,Minion,,,,,,,,,,,0.5 Slots - see Generic Level 1 Minion's own Notes for what this archetype is for,
Hedge Knight,1,1,Defender,,,,Light Melee,Medium,"Body, Agility, Essence, Cunning, Mind",Hit Whatever,Guarded,Strike (Taunting),,,FALSE,Mixed-Style,,,,Primary,Poor,Secondary,Poor,,Secondary,,"Shield-wall type - Guarded's own stand-still Bad Luck bonus plus Durable's Protected regen make it a slow, reliable damage-soak: only 1 attack a turn, but consistently hard to crack rather than a burst threat. Drafted alongside 4 other Level 1 archetypes specifically to mix up Fighting Styles (not every enemy on Flurry) - see design/enemy_sim/README.md and combat_sim.py's own docstring. Built with enemy_builder_pcstyle.py's real-PC-formula construction - Defense = 8 + Skill Total (design/ENEMY_ENCOUNTER_DESIGN.md's own validated poor/secondary/primary table, the designer's spreadsheet baseline), Damage = a weapon-style base + governing Stat, Resist = Essence alone (no longer sharing a number with Damage) - see that file's own module docstring for the full derivation. ParryTier/DodgeTier/BodilyTier/MentalTier/AttackTier (this row) replace the old Role/PrimaryDef/SecondaryDef/DamageBonus/AccuracyBonus/DefenseBonus columns for this row (left blank - unused by this construction method). HealthBonus=2 (Health 12 at Level 1, up from the real Baseline-party's own 10) is the one active retune knob, landed on after re-checking the whole calibration against the real drafted party (Hilde/Browndog/Carrick/Sable, not the smoothed generic one) and the party's own base targeting strategy (focus fire on whoever's hurt worst, then whichever enemy the whole party's collectively closest to - tactics.target_focus_wounded) once Harried (glossary.md - -1 Dodge/Parry per stack, gained by anyone who defends with Parry or Dodge, cleared at their own turn end) and both of those landed this same session. With this row's own actual Abilities (kept as-is, not the Powerful Weapon/Spell standin used to sweep the retune itself): win~99%, ~5.6 rounds (sd~1.6 - noticeably tighter than any earlier candidate this session), ~72% party Health remaining on a win - see design/enemy_sim/README.md's own entry for the full sweep and why Powerful Weapon/Spell reads as the reference point to eventually rebalance Durable/Strike (Vulnerable)/Poison (Bleeding) against, not a change to what actually ships yet. 2026-09-30: Heavy Armor is Level 3+ only for enemies now (designer), so Medium here, traded for 2 Health.",Vital
Marsh Archer,1,1,Striker,,,,Ranged Weapon,Light,"Cunning, Agility, Body, Essence, Mind",Assassin,Aimed Shot,Strike (Vulnerable),,,FALSE,Mixed-Style,,,,Secondary,Primary,Poor,Poor,,Primary,,"The 'single precise shot' archer, deliberately NOT a double-tapper - Aimed Shot caps at 1 attack (Good Luck instead of a 2nd swing), so she can't burst a PC down in one turn the way a Ranged Weapon + Flurry archer could. Assassin targeting (goes for whoever's already hurt worst) instead of closest/first. Built with enemy_builder_pcstyle.py's real-PC-formula construction - Defense = 8 + Skill Total (design/ENEMY_ENCOUNTER_DESIGN.md's own validated poor/secondary/primary table, the designer's spreadsheet baseline), Damage = a weapon-style base + governing Stat, Resist = Essence alone (no longer sharing a number with Damage) - see that file's own module docstring for the full derivation. ParryTier/DodgeTier/BodilyTier/MentalTier/AttackTier (this row) replace the old Role/PrimaryDef/SecondaryDef/DamageBonus/AccuracyBonus/DefenseBonus columns for this row (left blank - unused by this construction method). HealthBonus=2 (Health 12 at Level 1, up from the real Baseline-party's own 10) is the one active retune knob, landed on after re-checking the whole calibration against the real drafted party (Hilde/Browndog/Carrick/Sable, not the smoothed generic one) and the party's own base targeting strategy (focus fire on whoever's hurt worst, then whichever enemy the whole party's collectively closest to - tactics.target_focus_wounded) once Harried (glossary.md - -1 Dodge/Parry per stack, gained by anyone who defends with Parry or Dodge, cleared at their own turn end) and both of those landed this same session. With this row's own actual Abilities (kept as-is, not the Powerful Weapon/Spell standin used to sweep the retune itself): win~99%, ~5.6 rounds (sd~1.6 - noticeably tighter than any earlier candidate this session), ~72% party Health remaining on a win - see design/enemy_sim/README.md's own entry for the full sweep and why Powerful Weapon/Spell reads as the reference point to eventually rebalance Durable/Strike (Vulnerable)/Poison (Bleeding) against, not a change to what actually ships yet.",Dodge
Skulking Footpad,1,1,Skirmisher,,,,Light Melee,Light,"Cunning, Agility, Body, Essence, Mind",Assassin,Skirmisher,Poison (Bleeding),,,FALSE,Mixed-Style,,,,Secondary,Primary,Poor,Poor,,Primary,,"Hit-and-run melee flanker - Skirmisher caps at 1 attack too, trading the 2nd swing for extra mobility (no separate move-count mechanic in this sim - see tactics.py's own note - but reads as 'always able to reposition to its target'). Poison (Bleeding) adds a small decaying damage-over-time on top of a single modest hit rather than one big burst. Built with enemy_builder_pcstyle.py's real-PC-formula construction - Defense = 8 + Skill Total (design/ENEMY_ENCOUNTER_DESIGN.md's own validated poor/secondary/primary table, the designer's spreadsheet baseline), Damage = a weapon-style base + governing Stat, Resist = Essence alone (no longer sharing a number with Damage) - see that file's own module docstring for the full derivation. ParryTier/DodgeTier/BodilyTier/MentalTier/AttackTier (this row) replace the old Role/PrimaryDef/SecondaryDef/DamageBonus/AccuracyBonus/DefenseBonus columns for this row (left blank - unused by this construction method). HealthBonus=2 (Health 12 at Level 1, up from the real Baseline-party's own 10) is the one active retune knob, landed on after re-checking the whole calibration against the real drafted party (Hilde/Browndog/Carrick/Sable, not the smoothed generic one) and the party's own base targeting strategy (focus fire on whoever's hurt worst, then whichever enemy the whole party's collectively closest to - tactics.target_focus_wounded) once Harried (glossary.md - -1 Dodge/Parry per stack, gained by anyone who defends with Parry or Dodge, cleared at their own turn end) and both of those landed this same session. With this row's own actual Abilities (kept as-is, not the Powerful Weapon/Spell standin used to sweep the retune itself): win~99%, ~5.6 rounds (sd~1.6 - noticeably tighter than any earlier candidate this session), ~72% party Health remaining on a win - see design/enemy_sim/README.md's own entry for the full sweep and why Powerful Weapon/Spell reads as the reference point to eventually rebalance Durable/Strike (Vulnerable)/Poison (Bleeding) against, not a change to what actually ships yet.",Dodge
Bog Caster,1,1,Strategist,Mental,Bodily,,Ranged Spell,Light,,Hit Whatever,Flurry,,,,FALSE,Mixed-Style,,,,,,,,,,,"The deliberate 'polarizing double-tap' case, kept in the set on purpose for direct comparison - Ranged Spell + Flurry can land 2 hits a turn from range before the party can close in or retaliate, same shape as the archer the designer flagged as the swingy one. Everything else in this batch avoids this combination; this is the control case. DamageBonus/AccuracyBonus/DefenseBonus are blank again - reverted to the plain tunables.py-curve numbers (the designer's own balance-spreadsheet baseline, archive/flagonquest_encounter_builder.xlsx) per the designer's own call, pausing the win-rate retune pass rather than keeping it live. That retune (DamageBonus=3/AccuracyBonus=-2/DefenseBonus=-2, HEALTH_BASE[1]=8, landing win~68%/~4.7 rounds/~68% party Health on a win) is preserved in git history (see commit b0df932) and design/enemy_sim/README.md's own entry - the three columns/enemy_builder params stay in the schema for whenever this gets picked back up.",
Fen Warden,1,1,Strategist,,,,Melee Spell,Light,"Mind, Essence, Agility, Body, Cunning",Hit Whatever,Guarded,Strike (Slowing),,,FALSE,Mixed-Style,,,,Poor,Secondary,Poor,Primary,,Secondary,,"A defensive caster that holds position and casts rather than closing distance - single attack (Guarded), Defensive role's own Parry/Dodge/Bodily/Mental spread makes it a well-rounded damage-soak on the spell side, mirroring Hedge Knight's melee version. Built with enemy_builder_pcstyle.py's real-PC-formula construction - Defense = 8 + Skill Total (design/ENEMY_ENCOUNTER_DESIGN.md's own validated poor/secondary/primary table, the designer's spreadsheet baseline), Damage = a weapon-style base + governing Stat, Resist = Essence alone (no longer sharing a number with Damage) - see that file's own module docstring for the full derivation. ParryTier/DodgeTier/BodilyTier/MentalTier/AttackTier (this row) replace the old Role/PrimaryDef/SecondaryDef/DamageBonus/AccuracyBonus/DefenseBonus columns for this row (left blank - unused by this construction method). HealthBonus=2 (Health 12 at Level 1, up from the real Baseline-party's own 10) is the one active retune knob, landed on after re-checking the whole calibration against the real drafted party (Hilde/Browndog/Carrick/Sable, not the smoothed generic one) and the party's own base targeting strategy (focus fire on whoever's hurt worst, then whichever enemy the whole party's collectively closest to - tactics.target_focus_wounded) once Harried (glossary.md - -1 Dodge/Parry per stack, gained by anyone who defends with Parry or Dodge, cleared at their own turn end) and both of those landed this same session. With this row's own actual Abilities (kept as-is, not the Powerful Weapon/Spell standin used to sweep the retune itself): win~99%, ~5.6 rounds (sd~1.6 - noticeably tighter than any earlier candidate this session), ~72% party Health remaining on a win - see design/enemy_sim/README.md's own entry for the full sweep and why Powerful Weapon/Spell reads as the reference point to eventually rebalance Durable/Strike (Vulnerable)/Poison (Bleeding) against, not a change to what actually ships yet.",Mental
Bog Skirmisher,1,1,Striker,,,,Ranged Weapon,Light,"Cunning, Agility, Body, Essence, Mind",Kiting,Aimed Shot,Heavy Weapon,,,FALSE,Mixed-Style,,,,Poor,Secondary,Poor,Poor,,Primary,,"New Kiting archetype - none of the original 4 Mixed-Style enemies (Hedge Knight/Marsh Archer/Skulking Footpad/Fen Warden) or Bog Caster ever retreat, so Parting Shot (T076) had nothing to trigger against; a real skirmisher who backs off after shooting. Ranged Weapon (Physical, distinct from Fen Warden's Melee Spell and Bog Caster's Ranged Spell), Aimed Shot rather than Guarded specifically because Kiting always spends its one move action retreating (tactics.move_kite) - Guarded's stand-still Bad Luck bonus would never trigger on a unit that always moves, so pairing Kiting with Guarded would waste half the Fighting Style. HealthBonus=0 (not the other four's +2) is a deliberate identity choice, not an oversight - this archetype's survivability is supposed to come from staying out of reach, not from raw Health, so it should die fast once actually caught (which Parting Shot and any other disengage-punishing effect is the whole point of). Built with enemy_builder_pcstyle.py's real-PC-formula construction, same as its four siblings - see Fen Warden's own Notes for the shared derivation. NOT calibrated to the same rigor as the other four (no multi-session Powerful Weapon/Spell standin sweep) - a quick 4x-clone check against the real drafted party (Hilde/Browndog/Carrick/Sable, movement=True) landed at win=100%, ~5.0 rounds, ~86% party Health on a win, well short of the other four's ~72% - Kiting alone doesn't hold up to a focused melee-heavy party in this simulator's bounded 20x20 arena (it gets cornered and caught quickly, then dies fast with HealthBonus=0), so a lone Kiter reads as considerably weaker than its stand-and-fight siblings at the same nominal Level. Good enough as a first cut to give Parting Shot and Kiting-targeting AI (tactics.target_kiter) something real to interact with; worth a fuller retune pass (more Health, or leaning harder into the Powerful Weapon/Strike (Vulnerable) bite) before treating it as validated content or folding it into MIXED_ROSTER's own default mix.",Dodge
Hedge Knight (L2),2,1,Defender,,,,Light Melee,Medium,"Body, Agility, Essence, Cunning, Mind",Hit Whatever,Guarded,Strike (Taunting),,,FALSE,Mixed-Style,,,,Primary,Poor,Secondary,Poor,,Secondary,,"Level 2 version of Hedge Knight: same PC-style tiers, Action, Fighting Style, Battle Tactic and Abilities, same HealthBonus=2 over that Level's Baseline party Health - the balance point the Level 1 mixed roster landed on, carried up the curve unchanged. See the Hedge Knight row's Notes for how that was settled. 2026-09-30: Heavy Armor is Level 3+ only for enemies now (designer), so Medium here, traded for 2 Health.",Vital
Marsh Archer (L2),2,1,Striker,,,,Ranged Weapon,Light,"Cunning, Agility, Body, Essence, Mind",Assassin,Aimed Shot,Strike (Vulnerable),,,FALSE,Mixed-Style,,,,Secondary,Primary,Poor,Poor,,Primary,,"Level 2 version of Marsh Archer: same PC-style tiers, Action, Fighting Style, Battle Tactic and Abilities, same HealthBonus=2 over that Level's Baseline party Health - the balance point the Level 1 mixed roster landed on, carried up the curve unchanged. See the Marsh Archer row's Notes for how that was settled.",Dodge
Skulking Footpad (L2),2,1,Skirmisher,,,,Light Melee,Light,"Cunning, Agility, Body, Essence, Mind",Assassin,Skirmisher,Poison (Bleeding),,,FALSE,Mixed-Style,,,,Secondary,Primary,Poor,Poor,,Primary,,"Level 2 version of Skulking Footpad: same PC-style tiers, Action, Fighting Style, Battle Tactic and Abilities, same HealthBonus=2 over that Level's Baseline party Health - the balance point the Level 1 mixed roster landed on, carried up the curve unchanged. See the Skulking Footpad row's Notes for how that was settled.",Dodge
Fen Warden (L2),2,1,Strategist,,,,Melee Spell,Light,"Mind, Essence, Agility, Body, Cunning",Hit Whatever,Guarded,Strike (Slowing),,,FALSE,Mixed-Style,,,,Poor,Secondary,Poor,Primary,,Secondary,,"Level 2 version of Fen Warden: same PC-style tiers, Action, Fighting Style, Battle Tactic and Abilities, same HealthBonus=2 over that Level's Baseline party Health - the balance point the Level 1 mixed roster landed on, carried up the curve unchanged. See the Fen Warden row's Notes for how that was settled.",Mental
Hedge Knight (L3),3,1,Defender,,,,Light Melee,Heavy,"Body, Agility, Essence, Cunning, Mind",Hit Whatever,Guarded,Strike (Taunting),,,FALSE,Mixed-Style,,,,Primary,Poor,Secondary,Poor,,Secondary,,"Level 3 version of Hedge Knight: same PC-style tiers, Action, Fighting Style, Battle Tactic and Abilities, same HealthBonus=2 over that Level's Baseline party Health - the balance point the Level 1 mixed roster landed on, carried up the curve unchanged. See the Hedge Knight row's Notes for how that was settled.",Vital
Marsh Archer (L3),3,1,Striker,,,,Ranged Weapon,Light,"Cunning, Agility, Body, Essence, Mind",Assassin,Aimed Shot,Strike (Vulnerable),,,FALSE,Mixed-Style,,,,Secondary,Primary,Poor,Poor,,Primary,,"Level 3 version of Marsh Archer: same PC-style tiers, Action, Fighting Style, Battle Tactic and Abilities, same HealthBonus=2 over that Level's Baseline party Health - the balance point the Level 1 mixed roster landed on, carried up the curve unchanged. See the Marsh Archer row's Notes for how that was settled.",Dodge
Skulking Footpad (L3),3,1,Skirmisher,,,,Light Melee,Light,"Cunning, Agility, Body, Essence, Mind",Assassin,Skirmisher,Poison (Bleeding),,,FALSE,Mixed-Style,,,,Secondary,Primary,Poor,Poor,,Primary,,"Level 3 version of Skulking Footpad: same PC-style tiers, Action, Fighting Style, Battle Tactic and Abilities, same HealthBonus=2 over that Level's Baseline party Health - the balance point the Level 1 mixed roster landed on, carried up the curve unchanged. See the Skulking Footpad row's Notes for how that was settled.",Dodge
Fen Warden (L3),3,1,Strategist,,,,Melee Spell,Light,"Mind, Essence, Agility, Body, Cunning",Hit Whatever,Guarded,Strike (Slowing),,,FALSE,Mixed-Style,,,,Poor,Secondary,Poor,Primary,,Secondary,,"Level 3 version of Fen Warden: same PC-style tiers, Action, Fighting Style, Battle Tactic and Abilities, same HealthBonus=2 over that Level's Baseline party Health - the balance point the Level 1 mixed roster landed on, carried up the curve unchanged. See the Fen Warden row's Notes for how that was settled.",Mental
Brute,1,1,Bruiser,,,,Light Melee,Light,"Body, Agility, Cunning, Essence, Mind",Hit Whatever,Flurry,Heavy Weapon,,,FALSE,Varied,,,,Secondary,Poor,Primary,Poor,,Primary,,"2026-09-30 enemy-variety pass. Heavy hitter that swings twice and leaves the target Crippled - the Warband's damage. PC-style tiers, HealthBonus=2 (the Level 1 mixed roster's balance point).",Vital
Warpriest,1,1,Backup,,,,Shield Ally,Medium,"Essence, Body, Mind, Agility, Cunning",Hit Whatever,Guarded,Strike (Frightening),Light Melee,,FALSE,Varied,,,,Secondary,Poor,Secondary,Primary,,Secondary,,"2026-09-30 enemy-variety pass. Support: Protects whichever ally is hurt worst (EFFECT_STACKS), and only swings its backup mace (which Frightens) once everyone's covered. PC-style tiers, HealthBonus=2 (the Level 1 mixed roster's balance point).",Mental
Grave Caller,1,1,Striker,,,,Vital Spell,Unarmored,"Mind, Essence, Agility, Cunning, Body",Assassin,Aimed Shot,Strike (Vulnerable),,,FALSE,Varied,,,,Poor,Secondary,Poor,Primary,,Primary,,"2026-09-30 enemy-variety pass. Shadow caster aimed at Vital Defense, picking off whoever's already hurt and leaving them Vulnerable. PC-style tiers, HealthBonus=2 (the Level 1 mixed roster's balance point).",Mental
Bog Hexer,1,1,Strategist,,,,Hex,Unarmored,"Mind, Essence, Agility, Cunning, Body",Kiting,Guarded,,Ranged Spell,Crippled,FALSE,Varied,,,,Poor,Secondary,Poor,Primary,,Primary,,"2026-09-30 enemy-variety pass. Debuffer: no damage, attacks Mental Defense and lands a big stack of Crippled on whoever doesn't have one yet; hangs back (Kiting). PC-style tiers, HealthBonus=2 (the Level 1 mixed roster's balance point).",Mental
Mire Witch,1,1,Strategist,,,,Hex,Unarmored,"Mind, Essence, Body, Agility, Cunning",Hit Whatever,Guarded,,Vital Spell,Slowed,FALSE,Varied,,,,Poor,Secondary,Secondary,Primary,,Primary,,"2026-09-30 enemy-variety pass. Debuffer: pins the party down with big stacks of Slowed against Mental Defense, falling back on a Shadow bolt once everyone's slowed. PC-style tiers, HealthBonus=2 (the Level 1 mixed roster's balance point).",Mental
Brute (L2),2,1,Bruiser,,,,Light Melee,Light,"Body, Agility, Cunning, Essence, Mind",Hit Whatever,Flurry,Heavy Weapon; Strike (Crippling),,,FALSE,Varied,,,,Secondary,Poor,Primary,Poor,,Primary,,"2026-09-30 enemy-variety pass. Heavy hitter that swings twice and leaves the target Crippled - the Warband's damage. PC-style tiers, HealthBonus=2 (the Level 1 mixed roster's balance point).",Vital
Warpriest (L2),2,1,Backup,,,,Shield Ally,Medium,"Essence, Body, Mind, Agility, Cunning",Hit Whatever,Guarded,Strike (Frightening),Light Melee,,FALSE,Varied,,,,Secondary,Poor,Secondary,Primary,,Secondary,,"2026-09-30 enemy-variety pass. Support: Protects whichever ally is hurt worst (EFFECT_STACKS), and only swings its backup mace (which Frightens) once everyone's covered. PC-style tiers, HealthBonus=2 (the Level 1 mixed roster's balance point).",Mental
Grave Caller (L2),2,1,Striker,,,,Vital Spell,Unarmored,"Mind, Essence, Agility, Cunning, Body",Assassin,Aimed Shot,Strike (Vulnerable),,,FALSE,Varied,,,,Poor,Secondary,Poor,Primary,,Primary,,"2026-09-30 enemy-variety pass. Shadow caster aimed at Vital Defense, picking off whoever's already hurt and leaving them Vulnerable. PC-style tiers, HealthBonus=2 (the Level 1 mixed roster's balance point).",Mental
Bog Hexer (L2),2,1,Strategist,,,,Hex,Unarmored,"Mind, Essence, Agility, Cunning, Body",Kiting,Guarded,,Ranged Spell,Crippled,FALSE,Varied,,,,Poor,Secondary,Poor,Primary,,Primary,,"2026-09-30 enemy-variety pass. Debuffer: no damage, attacks Mental Defense and lands a big stack of Crippled on whoever doesn't have one yet; hangs back (Kiting). PC-style tiers, HealthBonus=2 (the Level 1 mixed roster's balance point).",Mental
Mire Witch (L2),2,1,Strategist,,,,Hex,Unarmored,"Mind, Essence, Body, Agility, Cunning",Hit Whatever,Guarded,,Vital Spell,Slowed,FALSE,Varied,,,,Poor,Secondary,Secondary,Primary,,Primary,,"2026-09-30 enemy-variety pass. Debuffer: pins the party down with big stacks of Slowed against Mental Defense, falling back on a Shadow bolt once everyone's slowed. PC-style tiers, HealthBonus=2 (the Level 1 mixed roster's balance point).",Mental
Brute (L3),3,1,Bruiser,,,,Light Melee,Medium,"Body, Agility, Cunning, Essence, Mind",Hit Whatever,Flurry,Heavy Weapon; Strike (Crippling),,,FALSE,Varied,,,,Secondary,Poor,Primary,Poor,,Primary,,"2026-09-30 enemy-variety pass. Heavy hitter that swings twice and leaves the target Crippled - the Warband's damage. PC-style tiers, HealthBonus=2 (the Level 1 mixed roster's balance point).",Vital
Warpriest (L3),3,1,Backup,,,,Shield Ally,Medium,"Essence, Body, Mind, Agility, Cunning",Hit Whatever,Guarded,Strike (Frightening),Light Melee,,FALSE,Varied,,,,Secondary,Poor,Secondary,Primary,,Secondary,,"2026-09-30 enemy-variety pass. Support: Protects whichever ally is hurt worst (EFFECT_STACKS), and only swings its backup mace (which Frightens) once everyone's covered. PC-style tiers, HealthBonus=2 (the Level 1 mixed roster's balance point).",Mental
Grave Caller (L3),3,1,Striker,,,,Vital Spell,Unarmored,"Mind, Essence, Agility, Cunning, Body",Assassin,Aimed Shot,Strike (Vulnerable),,,FALSE,Varied,,,,Poor,Secondary,Poor,Primary,,Primary,,"2026-09-30 enemy-variety pass. Shadow caster aimed at Vital Defense, picking off whoever's already hurt and leaving them Vulnerable. PC-style tiers, HealthBonus=2 (the Level 1 mixed roster's balance point).",Mental
Bog Hexer (L3),3,1,Strategist,,,,Hex,Unarmored,"Mind, Essence, Agility, Cunning, Body",Kiting,Guarded,,Ranged Spell,Crippled,FALSE,Varied,,,,Poor,Secondary,Poor,Primary,,Primary,,"2026-09-30 enemy-variety pass. Debuffer: no damage, attacks Mental Defense and lands a big stack of Crippled on whoever doesn't have one yet; hangs back (Kiting). PC-style tiers, HealthBonus=2 (the Level 1 mixed roster's balance point).",Mental
Mire Witch (L3),3,1,Strategist,,,,Hex,Unarmored,"Mind, Essence, Body, Agility, Cunning",Hit Whatever,Guarded,,Vital Spell,Slowed,FALSE,Varied,,,,Poor,Secondary,Secondary,Primary,,Primary,,"2026-09-30 enemy-variety pass. Debuffer: pins the party down with big stacks of Slowed against Mental Defense, falling back on a Shadow bolt once everyone's slowed. PC-style tiers, HealthBonus=2 (the Level 1 mixed roster's balance point).",Mental
Field Medic,1,1,Backup,,,,Mend Ally,Light,"Essence, Cunning, Agility, Mind, Body",Kiting,Guarded,,Ranged Weapon,,FALSE,Varied,,,,Poor,Secondary,Secondary,Primary,,Secondary,,"2026-09-30 enemy-variety pass. Healer: heals whichever ally is hurt worst (EFFECT_STACKS Health, once it's missing at least half that), hanging back; shoots with its backup bow otherwise. PC-style tiers, HealthBonus=2.",Mental
Cinder Adept,1,1,Striker,,,,Vital Fire,Unarmored,"Mind, Essence, Agility, Body, Cunning",Hit Whatever,Guarded,Strike (Crippling),,,FALSE,Varied,,,,Poor,Secondary,Poor,Primary,,Primary,,"2026-09-30 enemy-variety pass. Fire caster aimed at Vital Defense; the burns leave the target Crippled. PC-style tiers, HealthBonus=2.",Mental
Shade Stalker,1,1,Skirmisher,,,,Shadow Bolt,Light,"Mind, Agility, Essence, Cunning, Body",Kiting,Flurry,Strike (Slowing),,,FALSE,Varied,,,,Poor,Primary,Poor,Secondary,,Secondary,,"2026-09-30 enemy-variety pass. Shadow caster aimed at Dodge, two bolts a turn while backing away; the bolts Slow. PC-style tiers, HealthBonus=2.",Dodge
Ember Caster,1,1,Striker,,,,Ranged Spell,Unarmored,"Mind, Essence, Agility, Cunning, Body",Hit Whatever,Flurry,Strike (Vulnerable),,,FALSE,Varied,,,,Poor,Secondary,Poor,Primary,,Secondary,,"2026-09-30 enemy-variety pass. Fire caster aimed at Dodge, two quick bolts a turn that leave the target Vulnerable. PC-style tiers, HealthBonus=2.",Mental
Goblin Cutthroat,1,0.5,Striker,,,,Light Melee,Light,"Body, Agility, Cunning, Essence, Mind",Assassin,Flurry,Strike (Slowing),,,FALSE,Varied,,,,Poor,Secondary,Poor,Poor,,Secondary,,"2026-09-30 enemy-variety pass. Minion (0.5 Slots, a third of the Health): swarms whoever's hurt worst, and its stabs Slow. PC-style tiers, HealthBonus=2.",Dodge
Field Medic (L2),2,1,Backup,,,,Mend Ally,Light,"Essence, Cunning, Agility, Mind, Body",Kiting,Guarded,,Ranged Weapon,,FALSE,Varied,,,,Poor,Secondary,Secondary,Primary,,Secondary,,"2026-09-30 enemy-variety pass. Healer: heals whichever ally is hurt worst (EFFECT_STACKS Health, once it's missing at least half that), hanging back; shoots with its backup bow otherwise. PC-style tiers, HealthBonus=2.",Mental
Cinder Adept (L2),2,1,Striker,,,,Vital Fire,Unarmored,"Mind, Essence, Agility, Body, Cunning",Hit Whatever,Guarded,Strike (Crippling),,,FALSE,Varied,,,,Poor,Secondary,Poor,Primary,,Primary,,"2026-09-30 enemy-variety pass. Fire caster aimed at Vital Defense; the burns leave the target Crippled. PC-style tiers, HealthBonus=2.",Mental
Shade Stalker (L2),2,1,Skirmisher,,,,Shadow Bolt,Light,"Mind, Agility, Essence, Cunning, Body",Kiting,Flurry,Strike (Slowing),,,FALSE,Varied,,,,Poor,Primary,Poor,Secondary,,Secondary,,"2026-09-30 enemy-variety pass. Shadow caster aimed at Dodge, two bolts a turn while backing away; the bolts Slow. PC-style tiers, HealthBonus=2.",Dodge
Ember Caster (L2),2,1,Striker,,,,Ranged Spell,Unarmored,"Mind, Essence, Agility, Cunning, Body",Hit Whatever,Flurry,Strike (Vulnerable),,,FALSE,Varied,,,,Poor,Secondary,Poor,Primary,,Secondary,,"2026-09-30 enemy-variety pass. Fire caster aimed at Dodge, two quick bolts a turn that leave the target Vulnerable. PC-style tiers, HealthBonus=2.",Mental
Goblin Cutthroat (L2),2,0.5,Striker,,,,Light Melee,Light,"Body, Agility, Cunning, Essence, Mind",Assassin,Flurry,Strike (Slowing),,,FALSE,Varied,,,,Poor,Secondary,Poor,Poor,,Secondary,,"2026-09-30 enemy-variety pass. Minion (0.5 Slots, a third of the Health): swarms whoever's hurt worst, and its stabs Slow. PC-style tiers, HealthBonus=2.",Dodge
Field Medic (L3),3,1,Backup,,,,Mend Ally,Light,"Essence, Cunning, Agility, Mind, Body",Kiting,Guarded,,Ranged Weapon,,FALSE,Varied,,,,Poor,Secondary,Secondary,Primary,,Secondary,,"2026-09-30 enemy-variety pass. Healer: heals whichever ally is hurt worst (EFFECT_STACKS Health, once it's missing at least half that), hanging back; shoots with its backup bow otherwise. PC-style tiers, HealthBonus=2.",Mental
Cinder Adept (L3),3,1,Striker,,,,Vital Fire,Unarmored,"Mind, Essence, Agility, Body, Cunning",Hit Whatever,Guarded,Strike (Crippling),,,FALSE,Varied,,,,Poor,Secondary,Poor,Primary,,Primary,,"2026-09-30 enemy-variety pass. Fire caster aimed at Vital Defense; the burns leave the target Crippled. PC-style tiers, HealthBonus=2.",Mental
Shade Stalker (L3),3,1,Skirmisher,,,,Shadow Bolt,Light,"Mind, Agility, Essence, Cunning, Body",Kiting,Flurry,Strike (Slowing),,,FALSE,Varied,,,,Poor,Primary,Poor,Secondary,,Secondary,,"2026-09-30 enemy-variety pass. Shadow caster aimed at Dodge, two bolts a turn while backing away; the bolts Slow. PC-style tiers, HealthBonus=2.",Dodge
Ember Caster (L3),3,1,Striker,,,,Ranged Spell,Unarmored,"Mind, Essence, Agility, Cunning, Body",Hit Whatever,Flurry,Strike (Vulnerable),,,FALSE,Varied,,,,Poor,Secondary,Poor,Primary,,Secondary,,"2026-09-30 enemy-variety pass. Fire caster aimed at Dodge, two quick bolts a turn that leave the target Vulnerable. PC-style tiers, HealthBonus=2.",Mental
Goblin Cutthroat (L3),3,0.5,Striker,,,,Light Melee,Light,"Body, Agility, Cunning, Essence, Mind",Assassin,Flurry,Strike (Slowing),,,FALSE,Varied,,,,Poor,Secondary,Poor,Poor,,Secondary,,"2026-09-30 enemy-variety pass. Minion (0.5 Slots, a third of the Health): swarms whoever's hurt worst, and its stabs Slow. PC-style tiers, HealthBonus=2.",Dodge
