ID,Name,Category,Slot,Tags,Level,Description,Cost,School,Skill Total,Total Materials,Base Materials,Extra Materials,Base Item,Physical Resist,Fire Resist,Frost Resist,Brilliant Resist,Shadow Resist,Speed,Parry Defense,Dodge Defense,Bodily Defense,Mental Defense,Instinct Defense,Shallow Health,Deep Health,Accuracy,Damage,Weapon Defense,Range,Relevant Skill,Might Requirement,Held Slots
I001,Unarmed Enhancer,Equipment,,,1,"A glove, gauntlet, handwraps, or other piece worn on the hand to aid in striking with the fists. This counts as an Unarmed weapon, and technically as a Held item, but does not occupy the slot. It has no specific benefit by itself, but can be enhanced as any other weapon, in which case it applies its benefits to the wielder’s Unarmed weapon attacks.",3 Gold,,,,,,,,,,,,,,,,,,,,,,,,,,
I002,Basic Clothing,Equipment,,,1,"Clothing includes items that might cover the Head, Neck, Hands, Torso, or Feet slots. This can be in any form, including cloaks, hats, gloves, boots, etc.
Clothing does not count as Armor of any kind.",3 Gold,,,,,,,,,,,,,,,,,,,,,,,,,,
I003,Basic Jewelry,Equipment,,,1,"Jewelry includes various items worn in the Head, Neck, Ring, Hands, and Feet slots. It can also include general, pretty jewelry that serves no purpose other than opulence and to demonstrate the wealth of the wearer.",3 Gold,,,,,,,,,,,,,,,,,,,,,,,,,,
I004,Adventurer's Kit,Pack/Gear,,,1,"A general collection of useful items for any traveler. Nobody on the roads would be caught dead without one of these... or, rather, they very likely might.
Includes the following:
Basic mess kit (utensils, metal bowl, etc.)
Simple bedroll or blanket
Waterskin (holds four liters)
Utility knife
20-meter coil of rope
Tinderbox, with flint and steel",5 Gold,,,,,,,,,,,,,,,,,,,,,,,,,,
I005,Medicinal Supply,Pack/Gear,,,1,"A bandage, salve, or other simple yet critical supply that aids in various types of first aid.
Medicinal supplies may be used in place of cards for certain Techniques.",2 Gold,,,,,,,,,,,,,,,,,,,,,,,,,,
I006,Travel Rations,Pack/Gear,,,1,"Hardtack, cured meat, dried fruits; through simple yet careful preparation, many kinds of food can be prepared for a long journey.
Per the rules, eating 1 Food item each day is required to avoid exhaustion. These rations are preserved and won’t spoil, so you can keep them until you need them.",1 Gold,,,,,,,,,,,,,,,,,,,,,,,,,,
I007,Knapsack,Pack/Gear,,,1,"A small traveler's pack, worn across the back.
A container large enough to carry a few kits, toolsets, and some spare equipment.",3 Gold,,,,,,,,,,,,,,,,,,,,,,,,,,
I008,Backpack,Pack/Gear,,,1,"A decent-sized bag with two sturdy straps and some small, outside pockets.
Can easily fit many kits and loose items, with room on the outside to strap one or two larger objects.
Requires a Might Skill Total of 4 to carry.",6 Gold,,,,,,,,,,,,,,,,,,,,,,,,,,
I009,Rucksack,Pack/Gear,,,1,"A large bag with multiple sections and pockets, almost resembling multiple smaller packs cobbled together. Due to its size and straps, it occupies your Belt slot.
Can fit several smaller containers, some spare armaments, and strap a few items to the outside.
Requires a Might Skill Total of 6 to carry.",9 Gold,,,,,,,,,,,,,,,,,,,,,,,,,,
I010,Survivalist's Pack,Pack/Gear,,,1,"A great pack, larger than a child, with multiple reinforced straps to allow it to be carried. Several hooks and loops on the outside allow almost an entire group's worth of armaments to be strapped to the outside. Due to its size and straps, it occupies your Belt slot.
Can fit almost a mule's worth of equipment, including practically anything the prepared traveler would require.
Requires a Might Skill Total of 8 to carry.",12 Gold,,,,,,,,,,,,,,,,,,,,,,,,,,
I011,Adventurer's Belt,Pack/Gear,,,1,"A sturdy belt with pouches for easy access to all manner of adventuring goods. It occupies your Belt slot.
The belt has 5 pouches, each of which is an easily-accessible container that can hold a small object such as a Potion, vial of Poison, or Grenade.",3 Gold,,,,,,,,,,,,,,,,,,,,,,,,,,
I012,"Cart, Small",Pack/Gear,,,1,"A small wooden cart, with long handles so that it can be pulled by a beast of burden.
Enough room to hold about a half-dozen barrels, 3-4 people, or a load of similar size.",12 Gold,,,,,,,,,,,,,,,,,,,,,,,,,,
I013,Musical Instrument,Tool/Kit,,,1,"Lutes, trumpets, drums, and many more types of musical instruments are a common sight in civilized lands.",,,,,,,,,,,,,,,,,,,,,,,,,,,
I014,Climber's Kit,Tool/Kit,,,1,"A small leather pack, containing a variety of hooks, pitons, boot spikes, and other climbing gear all bundled tightly for easy transport. Contains everything you need to scale a wide variety of terrain without needing existing handholds.
This kit can reduce the penalty to climb difficult cliffs and walls, although some time might be needed for setup.",,,,,,,,,,,,,,,,,,,,,,,,,,,
I015,Disguise Kit,Tool/Kit,,,1,"A nondescript burlap bag cinched with hemp rope, this kit contains a basic assortment of materials to construct a disguise. Included are a small assortment of basic cosmetics for altering the appearance of your face as well as a variety of accessories for a number of disguises, including hats, bandannas, convincing but mostly worthless costume jewelry, and the like.
This kit allows you to put on a disguise for use with Masquerade. This kit only covers very general disguise requirements, such as basic makeup and common, simple clothing items. More specific or complex disguises might require additional costume pieces.",,,,,,,,,,,,,,,,,,,,,,,,,,,
I016,Tinker's Kit,Tool/Kit,,,1,"A small leather case strapped tightly, usually embossed with a small insignia of a guild or other organization, with a small buckle to keep it shut. Inside the case holds a variety of minute picks, screwdrivers, pins, and the like wrought from fine spring steel which allow for fine manipulation of locks and other mechanical devices.
These tools allow you to manipulate fine devices at no penalty, including picking locks, which might otherwise be difficult or outright impossible.",,,,,,,,,,,,,,,,,,,,,,,,,,,
I017,Fisher's Kit,Tool/Kit,,,1,These tools allow you to fish in a variety of bodies of water at no penalty.,,,,,,,,,,,,,,,,,,,,,,,,,,,
I018,Tailor's Kit,Tool/Kit,,,1,"This is a set of standard tools required for crafting and repair work, usually a satchel containing hammers, chisels, nails, tongs, and the like. Specific tools might be required for very particular arts, but the bulk of projects can be finished with this set. It comes in a convenient leather case that rolls up tightly, and includes a small book of common references for working common materials.
This item fulfills the tool requirement for most items created with Tailoring. This also includes recipes for all level 1 Tailoring equipment and adventuring goods, with room to add more recipes.",,,,,,,,,,,,,,,,,,,,,,,,,,,
I019,Carving Kit,Tool/Kit,,,1,"This is a set of standard tools required for crafting and repair work, usually a satchel containing hammers, chisels, nails, tongs, and the like. Specific tools might be required for very particular arts, but the bulk of projects can be finished with this set. It comes in a convenient leather case that rolls up tightly, and includes a small book of common references for working common materials.
This item fulfills the tool requirement for most items created with Carving. This also includes recipes for all level 1 Carving equipment and adventuring goods, with room to add more recipes.",,,,,,,,,,,,,,,,,,,,,,,,,,,
I020,Smithing Kit,Tool/Kit,,,1,"This is a set of standard tools required for crafting and repair work, usually a satchel containing hammers, chisels, nails, tongs, and the like. Specific tools might be required for very particular arts, but the bulk of projects can be finished with this set. It comes in a convenient leather case that rolls up tightly, and includes a small book of common references for working common materials.
This item fulfills the tool requirement for most items created with Smithing, although a forge is usually still required. This also includes recipes for all level 1 Smithing equipment and adventuring goods, with room to add more recipes.",,,,,,,,,,,,,,,,,,,,,,,,,,,
I021,Jeweler's Kit,Tool/Kit,,,1,"This is a set of standard tools required for crafting and repair work, usually a satchel containing hammers, chisels, nails, tongs, and the like. Specific tools might be required for very particular arts, but the bulk of projects can be finished with this set. It comes in a convenient leather case that rolls up tightly, and includes a small book of common references for working common materials.
This item fulfills the tool requirement for most items created with Jewelrymaking. This also includes recipes for all level 1 Jewelrymaking equipment and adventuring goods, with room to add more recipes.",,,,,,,,,,,,,,,,,,,,,,,,,,,
I022,Mixology Set,Tool/Kit,,,1,"This is a set of beakers, spoons, vials, and measuring devices that no alchemist would be caught without, held safe in a small, sturdy box. Some projects might demand specific equipment, but with the handy charts and material listings kept in a waterproof folio this kit covers almost every need!
This item fulfills the tool requirement for most items created with Alchemy. This also includes recipes for all standard Alchemy-created alchemical goods, with room to add more recipes.",,,,,,,,,,,,,,,,,,,,,,,,,,,
I023,Travel Rations,Food,,,1-5,"Hard tack, cured meat, dried fruits; through simple yet careful preparation, many kinds of food can be prepared for a long journey.
Travel rations are enough food for a single person for an entire day. They will never spoil, letting a skilled cook preserve Food ingredients indefinitely.",[Level],,,1,,None,,,,,,,,,,,,,,,,,,,,,
I024,Power Snack,Food,,,1-5,"A quick yet tasty meal to help you take on the day!
This is a full day's meal. In addition, you may Sift [6 times Level] cards.",,,,,,,,,,,,,,,,,,,,,,,,,,,
I025,Hearty Meal,Food,,,1-5,"A delicious, filling meal augmented by nutritious herbs, hearty broth, or just a lot of extra food.
This is a full day's meal. In addition, the next time you get a full night's rest, you heal an extra [Level] Shallow Health.",,,,,,,,,,,,,,,,,,,,,,,,,,,
I026,Muscular Feast,Food,,,1-5,"A dense dish packed with powerful foods, filling you with energy and vitality.
This is a full day's meal. In addition, until you get a full night's rest, the next [2 times Level] times you would gain a stack of Bleeding, Crippled, or Slowed, instead you don't. If you would gain multiple effects at the same time, but this effect wouldn't prevent all of them, you may choose which stacks to prevent.",,,,,,,,,,,,,,,,,,,,,,,,,,,
I027,Soul Soup,Food,,,1-5,"A relaxing meal with balanced flavors and vitamins, bringing a feeling of harmony and clarity.
This is a full day's meal. In addition, you gain [Level] Nutrition points that last until you get a full night's rest. When you use an Encounter Technique, you may pay [that Technique’s Level] Nutrition points. If you do, you don’t expend a use of it.",,,,,,,,,,,,,,,,,,,,,,,,,,,
I028,Acidic Flask,Grenade,,,1,"Originally regarded as a useless byproduct of a botched process, potential was seen and after much refinement a method for creating strong acid was born. An Acidic Flask is composed of a caustic mixture that clings to whatever surface it is shattered against, burning and warping flesh.
On a hit, the target gains 4 stacks of Bleeding.",,,,,"Brilliant, Fire, Frost, or Shadow",,,,,,,,,,,,,,,,,,,,,,
I029,Immaculate Adhesive,Grenade,,,1,"The most refined and effective formula for glue, these adhesives are used in many crafts: bookbinding, armorworking, carpentry, tile-laying, and many more possibilities. Only a small amount of adhesive is needed to bind two materials, and excessive use of glue causes the material to rebound off of itself, with a high risk of splattering.
Each dose of adhesive can cover a surface up to 3 meters in radius, hardening after 1 minute. Any items placed on the glue during this time and left there will become adhered to the surface, requiring enough force to remove that it would damage both objects in the process.
When thrown as a Grenade, instead of making an attack as usual, choose a space within the weapon's Range. That space and all spaces adjacent to it each gain 2 levels of Difficult Terrain that last for the encounter.",,,,,Bone,,,,,,,,,,,,,,,,,,,,,,
I030,Bottled Fire,Grenade,,,2,"A staple of any resourceful adventurer, a glass flask of Bottled Fire contains a mix of reagents that react violently when smashed on a surface, engulfing the point of impact in an intense plume of flame. The concoction results in a quick flash of particularly hot fire, and as such will ignite most flammable materials it strikes.
On a hit it deals 7 Fire damage.",,,,,Fire,,,,,,,,,,,,,,,,,,,,,,
I031,Smokejar,Grenade,,,2,"A smokejar consists of a stone or clay flask containing a small glass bubble, both of which contain alchemical reagents. When the glass bubble inside is shattered and the materials react with each other - usually accomplished by either shattering the jar on the ground or shaking it violently - a great amount of smoke billows out of the mixture, obscuring vision.
When thrown or broken, the jar creates a cloud of smoke in a 1-meter-radius circle centered on the jar. At the start of your next 2 turns the radius increases by 1, eventually covering a 3-meter-radius area. The smoke hangs in the air for the scene or until dispersed by a strong wind. The smoke acts as Heavy Cover in its area.
The jar can also be thrown as a Grenade. If the attack hits, the target is Crippled twice. Then, the smoke cloud is created in the target's space if the attack hits or is Parried, otherwise it is created in the space behind them.",,,,,Fire,,,,,,,,,,,,,,,,,,,,,,
I032,Bonemelter,Grenade,,,3,"An horrifying mixture of uncommon reagents, frequently employing byproducts harvested from demonic entities, once prepared this grenade explodes into a toxic mist that wreaks bodily havoc on the victim.
On a hit, before damage or any other effects the target gains 4 stacks of Necrotic, then it deals 7 Shadow damage.",,,,,Shadow,,,,,,,,,,,,,,,,,,,,,,
I033,Snowstorm,Grenade,,,3,"A glass flask of Snowstorm contains a mix of reagents that react instantly when smashed on a surface and quickly leech heat from anything the chemicals touch as part of the reaction. The concoction results in a quick-acting mixture that dramatically chills anything it spreads across before evaporating, including most liquids if they are not in a sufficiently insulated container.
On a hit it deals 7 Frost damage and the target is Slowed 4 times.",,,,,Frost,,,,,,,,,,,,,,,,,,,,,,
I034,Sunbeam,Grenade,,,4,"A stabilized mixture of spiritually-energized materials that erupts suddenly when sufficiently disturbed.
On a hit it deals 8 Brilliant damage and the target gains 4 stacks of Vulnerable.",,,,,Brilliant,,,,,,,,,,,,,,,,,,,,,,
I035,Hellfire Bomb,Grenade,,,4,"By combining extremely volatile reagents and suspending them in a total vacuum, a talented alchemist can create a veritable inferno in a nutshell.
Make an attack against all creatures adjacent to the target. On a hit it deals 8 Fire damage.",,,,,Fire,,,,,,,,,,,,,,,,,,,,,,
I036,Thunderclap-in-a-Jar,Grenade,,,5,"Originally a modification of the common Bottled Fire, after much work the recipe found enough distinction to be regarded as its own grenade, named the Thunderclap (in a jar) for the intense concussive blast that is produced when the container is shattered and the reagents mix. Rather than scorching its victims, the sheer force and metal fragments in the jar cause the bulk of the destruction.
Instead of attacking a target, choose a space within range of the Grenade. Make an attack against all creatures in or adjacent to the space. On a hit it deals 8 Physical damage, and the target gains two stacks each of Harried and Bleeding.",,,,,Fire,,,,,,,,,,,,,,,,,,,,,,
I037,Energizing Brew,Potion,,,1,"Many civilizations have plants native to their climate which can be roasted, dried, pulverized, and otherwise prepared for making some manner of drink out of. These brews all have in common that they increase the drinker's attention, perception, and wakefulness, as well as being a cornerstone of many fast-breaking rituals.
When consumed, for 1 hour you have Good Luck on Reflex flips.",,,,,,,,,,,,,,,,,,,,,,,,,,,
I038,Fortifying Concoction,Potion,,,1,"Frequently stocked in the supplies of anyone who might anticipate a fight, from mercenary companies to lone woodsmen, this ages-old recipe bolsters the body with a burst of energy and helps reduce any bruising or swelling.
When consumed, you gain 4 stacks of Protected.",,,,,Bone,,,,,,,,,,,,,,,,,,,,,,
I039,Elemental-Attuned Tincture,Potion,,,2,"This mixture creates a negative elemental current in the body of the imbiber which helps ground them and render them somewhat immune to harmful magic and other manifestations of a certain element.
When this Potion is created, choose Fire, Frost, Brilliant, or Shadow. When consumed, you gain [chosen type] Ward that lasts for 1 hour.
If you are hit with an attack that deals [chosen type] Damage, at the end of the encounter this effect expires.",,,,,"The opposite of the chosen element - Fire for Frost, Brilliant for Shadow, and vice versa",,,,,,,,,,,,,,,,,,,,,,
I040,Essential Ointment,Potion,,,2,"Made as tiny jars filled with energized salves, vials of oils to be splashed on the face, and herbal pastes that are applied to the energetic centers of the body. Regardless of how it is constructed, these are designed to be quickly and easily applied to the user, causing their body to quickly metabolize energy from their surroundings.
When consumed, you draw a card.",,,,,Brilliant,,,,,,,,,,,,,,,,,,,,,,
I041,Soldier's Salts,Potion,,,2,"These take a variety of different forms, known to be made as small pieces of rune-etched ceramic, tiny jars filled with energized salves, and vials of ointment to be splashed on the face. Regardless of how it is constructed, these are designed to be quickly and easily applied to the user and provide a quick burst of invigoration.
When consumed, you regain the use of any Encounter Technique level 2 or lower.",,,,,Brilliant,,,,,,,,,,,,,,,,,,,,,,
I042,Calming Brew,Potion,,,3,"When consumed, ignore the next 4 total stacks of Taunted and/or Frightened you would gain this encounter. If you already have stacks of either, remove them and count them against the total.",,,,,Frost,,,,,,,,,,,,,,,,,,,,,,
I043,Healing Potion,Potion,,,3,"A staple of any true adventurer, healing potions contain a mix of specially prepared medicines that help the body resist trauma and shock and aid in blood clotting and other functions that are pretty useful to someone who has been stabbed.
When consumed, you heal 2 Health.",,,,,Bone,,,,,,,,,,,,,,,,,,,,,,
I044,Liquid Charisma,Potion,,,3,"When consumed, for 1 hour you have Good Luck on all Presence, Persuasion, and Rapport flips.",,,,,Precious,,,,,,,,,,,,,,,,,,,,,,
I045,Earthen Draught,Potion,,,4,"Distilling powerful concoctions related to the earth - medicinal bark from old trees, blood of strong predators - produces a syrupy elixir that reinforces one's vitality and strengthens their body against assault.
When consumed, for 1 hour, at the end of each of your turns, you gain enough stacks of Protected so that you have 2 stacks (before any other effects apply).",,,,,Bone,,,,,,,,,,,,,,,,,,,,,,
I046,Fighter's Friend,Potion,,,4,"An extremely refined version of the popular Soldier's Salts, requiring rare and powerful materials to produce. Reserved for only the greatest of fighters.
When consumed, you regain the use of any Encounter Technique level 4 or lower.",,,,,Brilliant,,,,,,,,,,,,,,,,,,,,,,
I047,Swiftblade Vial,Potion,,,4,"When consumed, you are Hasted 5 times, and the next attack you make this encounter has Good Luck.",,,,,Fire,,,,,,,,,,,,,,,,,,,,,,
I048,Insanity Potion,Potion,,,5,"While not the most descriptive name for a potion, it is nonetheless fitting as one may very well have to be mentally disturbed to consider voluntarily drinking it. That being said, the benefits of the Insanity Potion are to be considered, for while it does wreak havoc on a person's physical well-being it also bolsters their strength tremendously, and provided you have medical care for the after-effects it is usually survivable.
When consumed, for 1 hour you gain the following:
A +1 bonus to Speed
You may treat any card you flip as a Heart
Ignore any penalties for being Wounded, Crippled, or Slowed
You cannot heal any Health or gain any stacks of Protected",,,,,Bone,,,,,,,,,,,,,,,,,,,,,,
I049,Basic Poison,Poison,,,1-5,"A broad category encompassing a variety of lethal and particularly toxic poisons, which are quasi-legal at most but still popular among less scrupulous folk. A staggering number of sources can be ""refined"" to make poisons; cheaper doses simply use substances that are incompatible with the body such as oil, animal venom, and hazardous waste from magical experiments. More refined assassins, however, have even been known to summon minor demons just to render their blood into a pure poison of corruption. No matter what, one rule holds: don’t drink it.
Choose a Basic Poison; you make a dose of that poison with a Concentration of [3 + Level] and a Potency of [Level].",,,,,Medicinal,,,,,,,,,,,,,,,,,,,,,,
I050,Crippling Poison,Poison,,,,"Rather than trying to kill the target outright, this poison is designed to cause wracking pains and muscle spasms that hinder the victim's movements.
An affected creature suffers [Potency] stacks of Crippled.",,,,,,,,,,,,,,,,,,,,,,,,,,,
I051,Bloody Poison,Poison,,,,"A basic but very commonly used substance, designed to simply cause the victim as much harm as possible.
A target affected by this poison gains [twice its Potency] stacks of Bleeding. If the target ingested the poison, they instead gain [four times its Potency] stacks of Bleeding. Unlike other Poisons, these stacks expire normally.",,,,,,,,,,,,,,,,,,,,,,,,,,,
I052,Slowing Poison,Poison,,,,"Frequently used by lawmen and bounty hunters, this poison saps the energy from the victim's limbs and makes their breath heavy in their lungs.
An affected creature suffers [Potency] stacks of Slowed.",,,,,,,,,,,,,,,,,,,,,,,,,,,
I053,Necrotic Poison,Poison,,,,"A particularly unsavory poison, as soon as it enters the victim's bloodstream they find their wounds almost impossible to close.
A target affected by this poison suffers [twice its Potency] stacks of Necrotic. While these stacks still don't expire as usual, 2 of these stacks expire each hour, and they can be removed through Necrotic's other usual rules.",,,,,,,,,,,,,,,,,,,,,,,,,,,
I054,Vulnerability Poison,Poison,,,,"Wracking the body with fever-like symptoms and clouding the mind similarly, this niche poison is used to render the victim susceptible to further poisons as well as dark hexes and other magicks.
An affected creature suffers [Potency] stacks of Vulnerable.",,,,,,,,,,,,,,,,,,,,,,,,,,,
I055,Harrying Poison,Poison,,,,"Favored by kidnappers and mercenaries who need to bring their targets in alive, this poison saps the strength from its victim and removes their ability to defend themselves.
An affected creature suffers [Potency] stacks of Harried.",,,,,,,,,,,,,,,,,,,,,,,,,,,
I056,Psychosis Poison,Poison,,,,"An affected creature suffers [Potency] stacks of the following effect:
As long as you have any stacks of this, if you are hit by a damaging attack then you are Frightened of the attacker once.",,,,,,,,,,,,,,,,,,,,,,,,,,,
I057,Cowl of Tranquility,Masterwork,Head,,1-5,"A loose hood stitched from prayer shawls and adorned with simple beads, when donned the wearer feels faint, insubstantial energy flowing through them, like a flowing river or a spring breeze.
This item starts each encounter with [Level] charges. When you would gain a stack of Taunted or Frightened, you may expend a charge from this and instead you don’t gain that stack.",,,,,Brilliant,,,,,,,,,,,,,,,,,,,,,,
I058,Mask of Night,Masterwork,Head,,1,"Anything from a hardened leather mask to a black hood attached to a bandana, the headpiece serves to grant improved vision at night as well as conceal the face; a likely consequence of its original development, as far as anyone can tell, among thieves and rogues.
When the mask is in place it grants its wearer perfect vision in darkness, negating any penalty to sight due to a lack of light. Smoke or anything else that physically obscures sight is not negated, however.",,,,,Shadow,,,,,,,,,,,,,,,,,,,,,,
I059,Lens of Daybreak,Masterwork,Head,,2,"Appearing either as a monocle, glasses, or any variety of single- or double-lensed accessories, these lenses have frames made from precious metals and usually have fine inscription work along them. These lenses help the wearer's eyes pierce fog, chase away darkness, dampen excessively-bright light, and so on, making it much easier to see through any difficult circumstances.
The wearer has Good Luck on Awareness flips that specifically involve sight.",,,,,Fire,,,,,,,,,,,,,,,,,,,,,,
I060,Confident Cap,Masterwork,Head,,3,"These hats are simple but impressively crafted, designed in an understated fashion but woven with silver threading and other fine materials. The styling of the hats varies, and with that the effects seem to as well - some are styled in a stylish manner that gives the wearer a boost of smugness, and others with clashing, distracting motifs that help them regain their footing in a conversation. Regardless, every expert negotiator can be seen sporting such a hat.
This starts each encounter with 5 charges. Whenever you are in the front in a social contest and your party would gain a Concession, instead you may expend a charge and you don’t gain that Concession.",,,,,Precious,,,,,,,,,,,,,,,,,,,,,,
I061,Crown of Glory,Masterwork,Head,,5,"A glorious crown of precious metals, striking enough to inspire respect from anyone. Such impressive regalia naturally calms and inspires both the wearer and their allies, driving them forward to victory.
Once per day, for 0 AP, the wearer may have themselves and up to 4 allies who can see them each draw a card.",,,,,Brilliant,,,,,,,,,,,,,,,,,,,,,,
I062,Choker of Silent Whispers,Masterwork,Neck,,1,"A tight-fitting necklace, woven with fine silver chains and clear crystals typically used in divination magics. With concentration, it carries the wearer's whispers a great distance, to a specific someone.
The wearer can mutter inaudibly (nobody else can actually hear that you're talking) while focusing on a specific person within 10 meters, carrying a clear message only to that person. They hear the message as though the wearer were speaking clearly at a normal volume, in the wearer's voice, and will be able to tell that the wearer is sending the message if they see the wearer whispering.",,,,,Shadow,,,,,,,,,,,,,,,,,,,,,,
I063,Cloak of Caches,Masterwork,Neck,,1,"A favorite of travelers, this large cloak is made from warm quilted fabric and furs, featuring a charming buckle of silver, gold, or similar metal. Inside the cloak are a set of large, useful pockets that seem to hold many useful trinkets.
As though using an easily-accessible location, the wearer may reach into the cloak and pull out any of the following:
a set of metal utensils
a metal bowl
a simple yet warm blanket
a small utility knife
a 20-meter coil of rope
a flint and steel set
a small glass jar
a spool of twine (roughly 10 meters' worth)
a wooden ""coin""
a pair of crude bone dice
Only one of each item can be produced at a time. At the end of the encounter, any produced items or their remains fade away as though someone set them down and forgot where they put them, unless you specifically wish otherwise for a given item.",,,,,"Bone, Metal, Wood, Shadow",,,,,,,,,,,,,,,,,,,,,,
I064,Diver's Necklace,Masterwork,Neck,,1,"Fashioned as a string of pearls, driftwood, and riverstones, these necklaces are not ostentatious but behind their plain appearance lies a useful enchantment. While fastened around their neck, the wearer finds that water passes into their lungs as easily as air, and benefits their body just the same.
The wearer can breathe in water perfectly as though it were air.",,,,,Wood,,,,,,,,,,,,,,,,,,,,,,
I065,Snowfall Drape,Masterwork,Neck,,1-5,"A large, soft, warm cloak made to keep the wearer warm in the harshest of snowstorms. A mystical power of this cloak allows the wearer to leave a trail of thick, fluffy snow in their wake, leading some to believe it actually absorbs chill from around it, storing it for later use.
Once per encounter, when you move, you may ruffle the cloak and leave snow in the first 3 spaces you move from that action. Those spaces each gain [Level] degrees of Difficult Terrain that last for the encounter.",,,,,Frost,,,,,,,,,,,,,,,,,,,,,,
I066,Attuned Shroud,Masterwork,Torso,,1,"Woven through with empowered threading, this lightweight shroud is aligned against a certain element. A soothing coolness, snug warmth, grounding stillness, or invigorating vitality washes over the wearer as the garment drapes around them.
The wearer gains a +2 bonus to Fire, Frost, Brilliant, or Shadow Resist, chosen when the item is created.",,,,,"The opposite of the chosen element - Fire for Frost, Brilliant for Shadow, and vice versa",,Basic Clothing,,,,,,,,,,,,,,,,,,,,
I067,Elemental-Resistant Armor,Masterwork,Torso,,"1, 2","A very broad category for a common enchantment (as common as magic items might be, anyway), armor can be enchanted to resist a variety of elemental types. Mundane armor provides only Physical Soak - no protection against Fire damage, for example - but armor might be enchanted to protect the wearer against Fire, Frost, Shadow, or (rarely) Brilliant damage.
The wearer gains a +1 bonus to Fire, Frost, Brilliant, or Shadow Resist, chosen when the item is created. If the enhancement is Level 2, it increases to a total of +2 Resist of the chosen type.",,,,,"The opposite of the chosen element - Fire for Frost, Brilliant for Shadow, and vice versa",,,,,,,,,,,,,,,,,,,,,,
I068,Dauntless Wrap,Masterwork,Torso,,1-5,"Clothing or armor created with thick threading, firm metal wire, and many other sturdy materials. While worn it imparts a sense of security and snugness, and is prized for its supernatural ability to keep someone in the fight even when their strength would otherwise fail.
The first time each day that losing Health would Down you, before you lose that Health you gain [three times the enhancement's Level] stacks of Protected.",,,,,Bone,,,,,,,,,,,,,,,,,,,,,,
I069,Armor of Constitutional Integrity,Masterwork,Torso,,2,"Applicable to both armor as well as formal dress, garments with this enhancement stabilize the wearer’s vital energy as well as protecting it from all manner of toxin. They are worn frequently by a variety of people, from those who live a life of adventure to nobility who often fear for threats of assassination.
Any attack against the wearer by a Poison or similar effect has Bad Luck. The wearer also has Good Luck on Resilience flips.",,,,,Medicinal,,,,,,,,,,,,,,,,,,,,,,
I070,Coat of Knit Flesh,Masterwork,Torso,,"2, 4","This suit of armor includes woven leathers, dyed deep reds and purples. While donned the wearer feels a sense of calm, relaxed energy and over time will rarely find themselves with minor scrapes and bruises, even after a deal of physical labor.
At the end of your turn, before any of your debuffs expire, remove 1 (if Level 2) or 2 (if Level 4) stacks of Bleeding from yourself.",,,,,Bone,,,,,,,,,,,,,,,,,,,,,,
I071,Fortified Armor,Masterwork,Torso,,3,"Immaculately-crafted armor with an inlay of hardened beast scales, the enhancement placed on such a suit of armor further reinforces its defensive ability and narrowly deflects blows that would otherwise strike at vital points.
If the wearer is hit by an attack for which a red card was flipped, and this armor has a Resist against that type of damage, increase the Resist by 1 against that attack.",,,,,"Bone, Metal",,,,,,,,,,,,,,,,,,,,,,
I072,Lifeforce Plate,Masterwork,Torso,,"3, 5","Regardless of construction, this garment is reinforced with plates and rods of polished bone, bolstering the vitality of the wearer and allowing them to shrug off minor injuries.
At the end of the wearer's turn, if the wearer has no stacks of Protected they gain 1 stack. Then, if the enhancement is Level 5, and the wearer has fewer than 2 stacks of Protected, they gain an additional stack.",,,,,Bone,,,,,,,,,,,,,,,,,,,,,,
I073,Robes of Resilience,Masterwork,Torso,,3,"These robes are often stitched together from patches of various materials, however even under heavy use the robes remain intact and unworn. Rather than provide their own protection against attacks the enchantment on them fortifies the wearer's body to resist assault.
These robes grant a +1 bonus to Physical, Fire, Frost, Shadow, and Brilliant Soak.",,,,,"Metal, Bone, Fire, Frost, Shadow, Brilliant",,Basic Clothing,1,1,1,1,1,,,,,,,,,,,,,,,
I074,Robes of the Elemental Lord,Masterwork,Torso,,5,"An immensely powerful enchantment, originally pioneered by an extraordinary warmage renowned for his elemental magics, these garments have only been replicated by the best enchanters available and at great cost. An unparalleled defense against other elementalists, these robes grant no protection against swords and arrows but insulate the wearer from blizzards and firestorms with ease.
These robes grant a +3 bonus to Fire, Frost, and Shadow Resists.",,,,,"Fire, Frost, Brilliant",,Basic Clothing,,3,3,,3,,,,,,,,,,,,,,,
I075,Armory Gauntlets,Masterwork,Hands,,1,"Thick, unadorned iron gloves which are designed either for austerity or inconspicuousness depending on who is asked. Their simple appearance conceals a substantial utility, as the wearer of the Armory Gauntlets is never truly unarmed or defenseless.
For 0 AP the wielder can conjure a weapon made of shimmering force which appears in their hand. This can be any single weapon, including shields and the like. Only one weapon may be conjured at a time, although if the wielder has conjured a ranged weapon they may also conjure ammunition for it as part of an attack without counting against this limit. The wielder may dismiss any conjured weapon at any time.",,,,,"Bone, Metal, Wood",,,,,,,,,,,,,,,,,,,,,,
I076,Deft Gloves,Masterwork,Hands,,2,"Fingerless gloves made out of a thin, black leather and secured with small buckles, these manage to support and steady the wearer's hands while their magic helps them move carefully and gracefully.
The wearer of these gloves has Good Luck on Craft flips for working with small devices, such as locks and other mechanisms. These gloves also count as though they were tinker's tools, and the wearer does not need any extra equipment to work with small devices without penalty.",,,,,"Metal, Precious",,,,,,,,,,,,,,,,,,,,,,
I077,Mighty Mitts,Masterwork,Hands,,3,"Your hands (the ones wearing these) are as effective at destroying things, causing you to ignore any penalties to Might flips to break things without having a proper tool for smashing, prying, and so on. You also have Good Luck on Might flips to move or destroy things.
Once per day, the mitts can grant you a burst of strength. This takes 4AP to use, and allows you to make flips to move or destroy something as though you had spent a minute doing so.",,,,,"Fire, Brilliant",,,,,,,,,,,,,,,,,,,,,,
I078,Flamebinder's Promise,Masterwork,Ring,,1,"A ring of dull brass etched with black marks, embedded with burnt-colored jewels. These versatile and useful trinkets can only be created by a jeweler with a strong connection to the element of fire, and grant the wearer a measure of control over it.
Once per encounter, for 2 AP, the wearer may throw a ball of fire at a nearby creature. This is an Acrobatics attack against the Dodge Defense of a target within 5 meters, dealing 3 + [Mind] Fire damage.",,,,,Fire,,,,,,,,,,,,,,,,,,,,,,
I079,Focusing Band of [Technique],Masterwork,Ring,,1-5,"Coveted for their usefulness and rarity, these rings hold the skill and knowledge of their crafter. Through careful meditation and focus, the jeweler binds their ability into a small token that can be tapped into when worn, allowing another person - who might be entirely unfamiliar with the art - to replicate it.
When this ring is created, the creator chooses a Technique they know, which must be the same Level as this ring.
The wearer may discard a card at any time in order to “learn” the chosen Technique until they get a full night’s rest or take the ring off. During this time they are treated as though they know the Technique, or an extra copy of it if it’s an Encounter or Duplicate Technique.",,,,,Brilliant,,,,,,,,,,,,,,,,,,,,,,
I080,Tactician's Band,Masterwork,Ring,,1-5,"An austere, silver ring, etched with markings from battlemaps, warmage tomes, or other works that prominently feature tactical maneuvers and other strategies. The ring helps focus the wearer's thoughts, keeping their tactics one step ahead of any opponent.
This starts each day (after you get a full night’s rest) with [five times Level] charges. At any time, you may expend a charge, discard a card from your hand, and draw a card.",,,,,Brilliant,,,,,,,,,,,,,,,,,,,,,,
I081,Bloodshard Ring,Masterwork,Ring,,2,"A band made of twisted wire holding shards of bone and deep red gemstones. It is as favored by warmages and other arcanists who find themselves in combat situations as it is frowned upon by more academic, bookish sorts.
Before making a spell attack that deals damage, the wearer may spend X Health. If they do, the spell attack deals its damage as Fire, and deals an extra X damage. If the spell attack only has one target, then instead it deals an extra [twice X] damage.",,,,,"Bone, Fire",,,,,,,,,,,,,,,,,,,,,,
I082,Fate’s Grasp,Masterwork,Ring,,2,"Whenever you discard or play cards from your hand, after that effect is resolved, you may Sift up to that many cards.",,,,,Shadow,,,,,,,,,,,,,,,,,,,,,,
I083,Galeforce Loop,Masterwork,Ring,Subtle,1,"A winding ring of finely-carved wood, seeming wrapping a dozen times around the wearer's finger. The wearer seems to feel the breeze more strongly on their hand, and can cause the wind to suddenly swell at their command.
Once per encounter, the wearer may cause a strong gust of wind around themself. This gust does not blow in any particular direction, but blows around the area strongly enough to snuff out torches, scatter paper, disperse clouds of smoke, and so on. Though the effect is dramatic, there is no indication that the wearer is responsible for the wind.",,,,,Wood,,,,,,,,,,,,,,,,,,,,,,
I084,Heartbinding Band,Masterwork,Ring,,2,"A band of dull metal with soft, pink gemstones embedded in it which seem to pulse with a faint light.
The wearer may spend 1 AP, place their hand (the one with the ring) on an adjacent willing creature, and spend any amount of Health. That creature then heals that much Health.",,,,,Bone,,,,,,,,,,,,,,,,,,,,,,
I085,Poison Needle,Masterwork,Ring,,3,"A large ring of iron, covering an entire finger joint, and relatively unassuming at first glance. Hidden mechanisms allow the ring to store a dose of poison, which can be quickly applied to a weapon.
The wearer can spend a full minute to place a dose of poison inside the ring, where it can remain indefinitely. When the wearer declares an attack with a weapon, as an Interrupt for 0 AP they may apply the poison in the ring to that weapon.",,,,,Medicinal,,,,,,,,,,,,,,,,,,,,,,
I086,Flamefist's Approach,Masterwork,Ring,,4,"A deceptively simple ring that, upon further inspection, is finely-crafted gold and silver inlaid with rubies. The ring seems to attune the wearer's energies with ambient elemental energies, melding their martial arts and their war magics.
The ring has two powers:
If you hit a creature with a Brawl attack, you may cast a Sorcery Spell Technique as long as it targets at least one target of your Brawl attack and takes no more than 2 AP to use.
If you hit a creature with a Sorcery Spell attack and that creature is within [Meditation Skill Total] meters, you may Teleport into a space adjacent to the creature.
You may use each of these powers once per encounter. Additionally, you may discard a card to use either power regardless of the ring’s limit.",,,,,Fire,,,,,,,,,,,,,,,,,,,,,,
I087,Luminous Signet,Masterwork,Ring,,4,"A large golden ring, encrusted with jewels, fit for a leader, hero, or other inspiring figure.
Whenever you discard or play cards from your hand, all allies within 5 meters of you are each Hasted [cards discarded/played] times.",,,,,Brilliant,,,,,,,,,,,,,,,,,,,,,,
I088,Assassin's Undetectable Arms,Masterwork,Held,,1,"Tending towards the slender and unremarkable, these weapons have shadow worked into them and are crafted to avoid notice and search.
Regardless of its type or construction, some feature or enhancement of the weapon allows it to be concealed on your person. Furthermore, you have Good Luck on any flip to keep it hidden, and anyone attempting to search you for it or detect it has Bad Luck on the associated flip.",,,,,Shadow,,,,,,,,,,,,,,,,,,,,,,
I089,Bounty Hunter's Blade,Masterwork,Held,Implement,1,"Traditionally crafted as blunt weapons, contrary to the name, these arms are designed to focus the force and energy of their blows across a wide area. As a result, they are largely unable to deal lethal blows to enemies, instead exhausting them and beating them into submission.
Non-lethal attacks with this don't have Bad Luck.",,,,,Bone,,,,,,,,,,,,,,,,,,,,,,
I090,Battering Armament,Masterwork,Held,Implement,1,"Thick and heavy, with ram motifs etched along many surfaces. Weapons crafted in this style are heavier than they appear - which is rather heavy - and difficult to block or knock aside.
When an attack with this weapon hits or is Parried, the target is Pushed 1 meter in a direction of your choice.",,,,,Metal,,,,,,,,,,,,,,,,,,,,,,
I091,Eager Armament,Masterwork,Held,,1,"An uncommon style of weapon, although very favored by travelers and those who prefer to appear unarmed. Designed so that, no matter where one keeps it, the weapon is easy to grab.
Drawing the weapon from any location within reach only takes 0 AP.",,,,,Wood,,,,,,,,,,,,,,,,,,,,,,
I092,Fatestealer,Masterwork,Held,Implement,1-5,"Grim motifs decorate this weapon that, through magic or craftsmanship, somehow guides its wielder to become more deft as the battle rages on. A series of runes run along the blade, head, or other prominent part of the weapon, glowing with increasing intensity the more the wielder battles.
When an attack with this weapon Downs a creature, that creature is instantly killed and the weapon gains up to [enhancement's Level] charges.
The weapon may not have more than 5 charges at any time, and when the wielder gets a full night’s rest all charges are lost.
At any time, the wielder may spend charges on the following:
For 1 charge, the wielder may Sift 2 cards
For 3 charges, the wielder may draw a card",,,,,Shadow,,,,,,,,,,,,,,,,,,,,,,
I093,Reaching Weapon,Masterwork,Held,Implement,1-5,"Master smiths can craft weapons that are reinforced or otherwise constructed to feature an unparalleled length without breaking or proving too unwieldy. Sometimes this is a matter of superior craftsmanship, sometimes it is due to specialized materials or imbuing the weapon with magic, but no matter the method the weapons defy normal conventions of combat to strike far beyond normal reach.
Attacks made with this weapon have their Range increased by [this power's Level], as do abilities used with it.
For abilities that are not ranged normally, the wielder may choose any point within [this power's Level] meters of themself to be their location for the purposes of determining the ability's targets or area of effect.",,,,,Wood,,,,,,,,,,,,,,,,,,,,,,
I094,Venomous Weapon,Masterwork,Held,Implement,1-5,"A favorite of assassins and cunning killers of all stripes, these weapons are as dangerous as they are prized. Crafted with grooves along the blade or other striking surface of the weapon to allow poison to quickly streak down the weapon, or onto ammunition if the weapon is a bow or similar armament.
When created, a Basic Poison is chosen, with a Concentration of +[3 + X] and a Potency of X, where X is the enhancement’s Level. The first time each encounter that a weapon attack or ability using this as an Implement causes a target to lose Health or gain stacks of Bleeding, they expose it to this poison.",,,,,Medicinal,,,,,,,,,,,,,,,,,,,,,,
I095,Grim Promise,Masterwork,Held,Implement,2,"Adorned with bone and faint inscriptions, traditionally these weapons were carried by certain tribal warriors into battles they believed they would not survive. Why carry them, then? To make sure their enemies died first.
When attacking or parrying with this weapon, the wielder ignores any penalties from being Wounded or Crippled.",,,,,Bone,,,,,,,,,,,,,,,,,,,,,,
I096,Sorcerer's Bow,Masterwork,Held,,2,"This bow is extremely durable despite seeming thin and fragile, with a strange construction that lacks any kind of bow string. When the wielder concentrates and channels magical energy, gemstones along the bow trace a glittering pattern as a string of pure light is created, allowing the wielder to shoot arrows of magical force from it.
This weapon uses Sorcery as its relevant Skill, deals damage based on the wielder’s Mind instead of Cunning, and has a Might Skill Total requirement of 3.",,,,,"Fire, Frost, Brilliant, or Shadow",,,,,,,,,,,,,,,,,,,,,,
I097,Weapon of Sending,Masterwork,Held,,2,"A bizarre enhancement in which a weapon is created in such a manner that it can be thrown with moderate accuracy, then returns to the wielder.
This weapon can be thrown as an Acrobatics attack, with Range 3 × [Body]. When the weapon is thrown as part of an attack, at the start of your next turn the weapon returns to your hand.",,,,,Wood,,,,,,,,,,,,,,,,,,,,,,
I098,Claw of Mortality,Masterwork,Held,Implement,3,"Usually crafted as daggers and ritual knives, or occasionally other edged weapons that employ black, glassy stone and similar natural materials. Creating an imbalance of spiritual energies, magic channeled through the claw tears away at the victim's life force.
When an attack with this weapon hits, before any damage or other effects are applied, the target gains 2 stacks of Necrotic. Non-weapon attacks made through this deal their damage as Shadow.",,,,,Shadow,,,,,,,,,,,,,,,,,,,,,,
I099,Claw of Rime,Masterwork,Held,Implement,3,"When an attack with this weapon hits, before any damage or other effects are applied, the target is Slowed once. Non-weapon attacks made through this deal their damage as Frost.",,,,,Frost,,,,,,,,,,,,,,,,,,,,,,
I100,Conflagration Brand,Masterwork,Held,Implement,3,"A staff of charred wood or blade of blackened metal, twisting magical energy into pure, explosive, elemental force. Attacks from this cruel weapon blister and crack where they strike, causing even greater damage to their victims.
When an attack with this weapon hits, before any damage or other effects are applied, the target gains a stack of Bleeding. Non-weapon attacks made through this deal their damage as Fire.",,,,,Fire,,,,,,,,,,,,,,,,,,,,,,
I101,Elemental-Forged Weaponry,Masterwork,Held,Implement,3 or 4,"Often etched with runes of power or augmented with some material to make them more magically conductive, these weapons convert part of each attack made with them into the enchantment's corresponding element. These weapons usually give distinct visual cues that their enchantments are in effect, as a flaming sword might have gouts of flame leap off the blade with each attack and a shadowed axe might have the blade wreathed in darkness.
When the weapon is made, Fire is chosen; if the enhancement is Level 4, Frost, Brilliant, or Shadow may be chosen instead.
Attacks with this weapon deal their damage as that type, instead of their usual type.",,,,,[Chosen element type],,,,,,,,,,,,,,,,,,,,,,
I102,Fanged Guard,Masterwork,Held,,3,"Weapons and shields designed for parrying and blocking, frequently styled with spikes, thorns, barbs.
When the weapon is used to successfully Parry an attack from an adjacent creature, that creature gains a stack of Bleeding.",,,,,Bone,,,,,,,,,,,,,,,,,,,,,,
I103,Thrumming Focus,Masterwork,Held,Implement,4,"A weapon gently trembling with power; by focusing, the wielder can draw this power out and use it to strike true.
The wielder may spend an extra 1 AP for any action involving an attack with this weapon. If they do, any such attack has Good Luck.",,,,,Brilliant,,,,,,,,,,,,,,,,,,,,,,
I104,Apocalyptic Staff,Masterwork,Held,,5,"Etched with a series of runes, appearing crude to the untrained eye but done in a manner to tap into chaotic energies and direct them in wild and unpredictable ways.
Once per encounter, the wielder may choose a version of the Elementalist's Artillery (Level 4) battle magic Technique, selecting any features as though they were learning the Spell, and cast it as though they knew it.",,,,,"Fire, Frost, and Shadow",,,,,,,,,,,,,,,,,,,,,,
I105,Sash of Deep Pockets,Masterwork,Belt,,2,"A subtle and minimal-looking sash, concealing a dozen small pockets in its folds. Surprisingly, these pockets can hold much larger objects than a belt pouch normally would.
Each of the sash’s 12 pouches can hold one object at a time, and as long as an object is no larger than 1 meter in any dimension it can be stored in a pouch, distorting as it slips away into the small opening. Items are stored and retrieved from pouches as though it were an easily-accessible location. While stored items are weightless and cannot be damaged, and if the sash is destroyed the items tumble out of it, unharmed.",,,,,Shadow,,,,,,,,,,,,,,,,,,,,,,
I106,Smuggler’s Belt,Masterwork,Belt,Subtle,2,"A worn, simple, common-looking belt.
The belt has 5 visible pouches, each of which is an easily-accessible container that can hold a small object such as a Potion, vial of Poison, or Grenade.
The secret of the belt is that each pouch actually has two separate compartments within the belt, only one of which can be seen at a time. The wearer may manipulate the belt to determine which compartment is visible, which is a completely Subtle action that no onlookers will notice. Anyone who is not familiar with the specific belt will automatically fail any attempt to discover the non-visible compartments.",,,,,Shadow,,,,,,,,,,,,,,,,,,,,,,
I107,Cobblestone Boots,Masterwork,Feet,,1,"A thick, sturdy pair of boots with soles and heels made entirely of rough-hewn rock, although they are surprisingly comfortable and easy to wear in all terrains. When the wearer wades into a body of water, however, their legs move with no resistance from the water.
The wearer may move with no penalty underwater, at their full Speed, but the wearer is unaffected by any sort of buoyancy and walks along the floor of whatever body of water, moving simply as though the water were not there. Any other complications of being underwater, such as penalties to using weapons underwater or being unable to breathe underwater, are not mitigated by these boots and affect the wearer normally.",,,,,Metal,,,,,,,,,,,,,,,,,,,,,,
I108,Feathered Sandals,Masterwork,Feet,,1,"A breathtaking number of soft, smooth feathers (or materials patterned as such) are stitched into the sides of these soft sandals. The wearer feels a subtle lightness from their feet, as though they could jump from a balcony and float to the ground like a piece of parchment.
The wearer automatically succeeds on flips to avoid damage when falling 10 meters or less, suffering no damage or other penalty.",,,,,Wood,,,,,,,,,,,,,,,,,,,,,,
I109,Lightfoot Shoes,Masterwork,Feet,,1-5,"Ubiquitous across all peoples who weave magical power into items, these shoes come in virtually all shapes, sizes, designs, and materials. As such identifying these shoes at a glance is nearly impossible, although any exceptional footwear stand a good chance of having this enchantment.
These footwear give a +[enhancement's Level] bonus to Speed while worn.",,,,,Fire,,,,,,,,[Level],,,,,,,,,,,,,,
I110,Slipstream Sandals,Masterwork,Feet,,2,"Lightweight shoes woven with threads of silver and etched with runes that reach out to nearby magical currents, the subtle enchantment is nonetheless very useful and valued by experienced adventurers.
Once per encounter, for 0 AP, the boots allow the wearer to Teleport 3 meters.",,,,,Shadow,,,,,,,,,,,,,,,,,,,,,,
I111,Vaulting Boots,Masterwork,Feet,,3,"Usually crafted as a light pair of leather boots with supple soles, these boots are widely used by all manner of adventurous individuals for their simple yet useful enchantment.
Once per encounter you may spend 1 AP to make a jump, without requiring a running start or a flip, up to 10 meters in any direction, and if you fall as part of the jump you ignore up to 10 meters of distance for the purpose of determining the difficulty of the Acrobatics flip to avoid falling damage.",,,,,Wood,,,,,,,,,,,,,,,,,,,,,,
I112,Greaves of the Stalwart Guardian,Masterwork,Feet,,5,"Appearing to be crude iron boots, heavy and awkward, the greaves feel as light as sandals and don’t encumber the wearer at all. Rather, when worn, they impart an unshakable sense of stability and steadfastness.
You cannot be unwillingly knocked over, Pushed, Shifted, Teleported, or otherwise moved unless they wish to be. Additionally, you ignore up to 3 degrees of Difficult Terrain at all times.
This item starts each encounter with 5 charges. When you would gain a stack of Slowed, you may expend a charge from this and instead you don’t gain that stack.",,,,,Metal and Bone,,,,,,,,,,,,,,,,,,,,,,
I113,Evertoking Bottle,Masterwork,Other,,1,"A detailed metal carafe topped by a jeweled cap, fastened to the bottle by a fine chain. Through glass or jewels on the bottle one can occasionally see a faint haze moving within, as though smoke billowed about inside the bottle. When the cap is removed the bottle produces an endless supply of faintly herbal smoke, as a hookah or other water pipe that is being actively stoked.
For 1 AP the holder can remove the cap and cause the bottle to produce a cloud of smoke in a 2-meter-radius circle centered on the holder. This smoke provides Light Cover to anything in its area, or for the targets of any attacks made by someone in the area. The smoke hangs in the air for the encounter or until dispersed by a strong wind. The bottle can only produce one cloud per encounter.
If a creature that ends their turn in the cloud, make an attack with a bonus of +6 against their Vital Defense. If it hits, they gain the following based on the suit of the card flipped for the attack:
Spade: 2 stacks of Necrotic
Club: 1 stack of Vulnerable
Diamond: 1 stack of Slowed
Hearts: 1 stack of Crippled",,Jewelrymaking,,,"Shadow, Precious, Medicinal, Fire",,,,,,,,,,,,,,,,,,,,,,
I114,Distant Scroll Cases,Masterwork,Other,,2,"A finely-made cylindrical case of horn, wood, or the like and immaculately engraved with a series of runes and glyphs, these cases usually come with a sturdy carrying strap and a lid that clasps firmly onto the opening of the case. Inside the case has room for a large sheaf of papers to be rolled and secured.
These cases are always produced in identical pairs, and have the wondrous property that they share the space inside of them, allowing documents or small objects placed in one case to be retrievable from the other case. However, if one case is open the lid on its matching case will not open.",,Carving,,,"Wood or Bone, Leather, Shadow",,,,,,,,,,,,,,,,,,,,,,
I115,Placeholder's Spacious Satchel,Masterwork,Other,,3,"An otherwise normal-looking leather satchel with a series of golden runes woven around the mouth of the bag, its only purpose is to make travel and adventuring easier by holding as much as it can. The inside of the bag looks to be made completely of shadow, but in reality the bag's enchantment causes any item placed within it to be shrunken down to a tiny size and placed in magical stasis.
Any object can be stored in the bag, although it must fit within the mouth of the satchel - a little larger than most people's heads - and the bag can hold 100 cubic meters (the size of a modest closet) worth of stuff. The bag is always treated as an easily-accessible location. No items will fall out of the bag if it is upended, although there is a specific method that will cause the bag to empty out all items inside of it in a heap on the ground.",,Tailoring,,,"Cloth or Leather, Shadow","Metal, Precious",,,,,,,,,,,,,,,,,,,,,
I116,Spirit Quest Ointment,Masterwork,Other,,3,"A strange and useful concoction, this ointment is infused with a strong yet balanced degree of both positive and negative spiritual elements. Similar tinctures have been used by many cultures for meditations and spirit quests, and through the refinement of recipes used in many traditions this ointment is accepted among modern alchemists as the most powerful and effective version. Through a lengthy ritual application of the ointment, a person can examine and even repair deeper levels of their spirit, tending to their supernatural well-being as though a small garden or sculpture.
The ointment is applied painstakingly and the recipient must engage in a long meditation, the full process taking 24 hours which must be uninterrupted or the item is wasted without effect. If the process is completed, the user may completely reassign all of their Experience, then benefits from a full night’s rest.",15 Gold,Alchemy,,15,"Brilliant, Shadow, Medicinal",,,,,,,,,,,,,,,,,,,,,,
I117,Light One-Handed Melee Weapon,Weapon,Held,,,"A light, one-handed melee weapon — a dagger, hand axe, rapier, or similar; pick whatever fits your character.",3 Gold,,,,,,,,,,,,,,,,,,,,1,3 + [Body or Cunning],1,Close,Melee,,1
I118,Heavy One-Handed Melee Weapon,Weapon,Held,,,"A heavier one-handed melee weapon — a mace, shortsword, or similar; pick whatever fits your character.",3 Gold,,,,,,,,,,,,,,,,,,,,0,4 + [Body],0,Close,Melee,4,1
I119,Light Two-Handed Melee Weapon,Weapon,Held,,,"A light, two-handed melee weapon — a spear, quarterstaff, or similar; pick whatever fits your character.",6 Gold,,,,,,,,,,,,,,,,,,,,1,4 + [Body or Cunning],1,Close,Melee,,2
I120,Heavy Two-Handed Melee Weapon,Weapon,Held,,,"A heavy two-handed melee weapon — a greatsword, war hammer, or similar; pick whatever fits your character.",6 Gold,,,,,,,,,,,,,,,,,,,,0,5 + [Body],0,Close,Melee,6,2
I121,Light Thrown Weapon,Weapon,Held,,,"A light thrown weapon — throwing knives, darts, or similar. Only has a Range of Close when used with Melee.",5 Gold,,,,,,,,,,,,,,,,,,,,1,3 + [Cunning],,"Close, or 3 × Body",Acrobatics or Melee,,1
I122,Heavy Thrown Weapon,Weapon,Held,,,"A heavy thrown weapon — a javelin, hand axe meant for throwing, or similar. Only has a Range of Close when used with Melee.",5 Gold,,,,,,,,,,,,,,,,,,,,0,4 + [Body],,"Close, or 3 × Body",Acrobatics or Melee,4,1
I123,Light Bow,Weapon,Held,,,"A light bow, requiring two hands to wield.",6 Gold,,,,,,,,,,,,,,,,,,,,1,3 + [Cunning],,15,Archery,,2
I124,Heavy Bow,Weapon,Held,,,"A heavy bow, requiring two hands to wield.",6 Gold,,,,,,,,,,,,,,,,,,,,0,4 + [Cunning],,20,Archery,6,2
I125,Unarmed,Weapon,,,,"Fighting with fists, claws, or whatever's on hand — no weapon required, and doesn't occupy a Held slot.",,,,,,,,,,,,,,,,,,,,,2,2 + [Body or Cunning],1,Close,Brawl,,
I126,Shield,Weapon,Held,,,"A shield, occupying one Held slot — used for its high Defense bonus rather than to deal damage.",3 Gold,,,,,,,,,,,,,,,,,,,,0,2 + [Body],2,Close,Melee,,1
I127,Improvised Weapon,Weapon,Held,,,"Whatever's within reach, used as a weapon. Counts as the closest type of weapon that fits its size and construction, with the listed modifications.",,,,,,,,,,,,,,,,,,,,,-1,+0,-1,"Close, or half of normal",Varies,,1
I128,Light Armor,Armor,Torso,,,"Light armor — a gambeson or jacket reinforced with small pieces of wood, or similar.",4 Gold,,,,,,,1,,,,,0,,0,,,,,,,,,,,3,
I129,Heavy Armor,Armor,Torso,,,"Heavy armor — made from plate or heavy chains of metal, or similar.",8 Gold,,,,,,,2,,,,,-1,,-1,,,,,,,,,,,6,
