ID,Name,Level Min,Level Max,Tags,Description (Fluff),Condition,Action,Cost,Target,Effects,Building,Special,Prereqs (Full),Relevant Skills,Uses Cards,Healing,Features,Free Text,Shallow Health Bonus,Deep Health Bonus
T001,Brace,1,1,Encounter,"You draw a deep breath, steeling yourself for the struggle ahead.",,1 AP,,,You gain 3 stacks of Protected.,,,Resilience 2,Resilience,,,,,,
T002,Soulblade,1,1,Duplicate,"Through mystical training, force of will, or some other mental regimen you have unlocked the ability to forge your spiritual force into a solid weapon.",,Passive,,,"When you learn this, choose a specific type of weapon. For 0 AP at any time you can create a weapon of the chosen type, appearing in your hand(s). If the weapon leaves your hands it disappears; if thrown it disappears after striking its target.",,,(Composure or Meditation) 2,"Composure, Meditation",,,,TRUE,,
T003,Temper Soulblade,1,5,"Buildable, Duplicate","As you learn lessons they are etched into your soul, and as you express your spiritual weaponry its form changes to reflect your newfound wisdom.",,Passive,,,"When you learn this, choose a Masterwork power (GM approval). This Technique's Level equals the chosen Masterwork's Level. When you create a weapon with Soulblade, you may choose one Masterwork power from this Technique that could apply; the weapon is created with it. A power can be 're-purchased' at a higher Level by paying the XP difference.",,,(Composure or Meditation) [this Technique's Level],"Composure, Meditation",,,,TRUE,,
T004,Vow of Poverty,1,1,,"You have forsworn all forms of material excess and wealth, and vowed to give all you can to the needy.",,Passive,,,"You may not own luxury items or keep more than 10 Gold. When you donate to a worthy cause, gain 1 XP per 7 Gold donated. Breaking the vow gives Bad Luck on Presence/Persuasion/Rapport flips and prevents donation XP until you atone by donating 30 Gold worth.",,,Composure 3,Composure,,,,,,
T005,Blindsight,2,2,,"By learning to effectively use echolocation, feel the motion of air against your skin, or honing multiple senses, you are capable of navigating in total darkness.",,Passive,,,You are aware of everything within [Awareness Skill Total] meters as though you could see it (color and facial features are difficult). Does not require an action. Reduced through solid objects but you still sense basic details.,,,Awareness 3,Awareness,,,,,,
T006,Blood-Powered Spirit,2,2,"Discipline, General Spell","Mastering the power within your own blood, you can draw it forth to power your spirit when your energy begins to wane.",,0 AP - Interrupt (you declare a Spell or Discipline Technique),X Health (minimum 1),,"Choose one: (a) Any attack from the Technique deals extra X damage if it hits, or [twice X] if single-target; if damage type is Fire/Frost/Brilliant you may change it to Shadow. (b) If the Technique's Level is [twice X] or lower, you may cast it without expending a use, even if already expended.",,,Resilience 3,Resilience,,,,,,
T007,Bound Across Mountains,2,2,,Extensive practice in leaping and bounding has trained you to hurl yourself over truly vast obstacles.,,Passive,,,"Your maximum jump distance is doubled in both directions. When falling, you may reduce damage taken by your Athletics Skill Total instead of another stat.",,,Athletics 3,Athletics,,,,,,
T008,Canopy Creeper,2,2,,Your limbs are strong and agile enough that you can traverse vertical distances as easily as you do horizontal ones.,,Passive,,,"You may move at your full Speed while climbing without flips, as long as your hands are free. You may climb across any surface with some texture. While not moving you may hold your position on such a surface with only your feet.",,,Athletics 3,Athletics,,,,,,
T009,Falling Tumble,2,2,,With perfect balance you can easily turn the momentum from a fall into a nimble roll.,,Passive,,,"When falling, you may reduce damage taken by your Acrobatics Skill Total instead of another stat. At the end of such a fall, you may Shift up to [the fall's height] meters.",,,Acrobatics 3,Acrobatics,,,,,,
T010,Grim Resolve,2,2,,"When you get backed into a corner, you push yourself to your absolute limits to do what needs to be done.",,0 AP - Interrupt (any time),1 Health (committed until full rest),,You draw a card.,,,"Resilience 2, Composure 2","Resilience, Composure",,,,,,
T011,One Eye Behind You,2,2,,"It's not paranoia if you're actually being followed... and even if you're not, it's good to keep an eye out.",,Passive,,,"You have Good Luck on Reflex flips. At any time, you may discard a card to adjust your position in turn order by up to [half your Insight Skill Total] places.",,,Insight 3,Insight,TRUE,,,,,
T012,Second Wind,2,2,,"Even when you've been battered and bruised, you catch your breath and keep pushing forward.",,0 AP,Discard a card,,"You heal 1 Shallow Health, or 2 if the discarded card was a Heart.",,,(Resilience or Composure) 3,"Resilience, Composure",TRUE,TRUE,,,,
T013,Solemn Pact,2,2,Encounter,"You have sworn a pact — a pledge of fealty to a mysterious entity, or a dedication to a set of ideals.",,0 AP - Interrupt (you make a flip of the chosen type with the chosen Skill),,,"When you learn this, choose a Skill and either attack or non-attack flips (e.g. 'Melee attack flips'). You gain Good Luck twice on the flip. If you break your pact (GM's discretion), you lose benefits until you atone or find a new pact.",,,(Composure or Academics) 3,"Composure, Academics",,,,,,
T014,Toughened Body,2,2,Duplicate,"Through physical prowess or sheer determination, you have trained your body to withstand more abuse than most.",,Passive,,,Increase your maximum Deep Health by 3.,,,(Resilience or Composure) 3,"Resilience, Composure",,,,,,3
T015,Trout Seeming,2,2,,"You were born to swim, taking to the water like a natural.",,Passive,,,"You may swim or move through water at your full Speed. While swimming, you may jump out of water as though it were solid ground. You have Good Luck twice on flips to hold your breath.",,,Athletics 3,Athletics,,,,,,
T016,Skin of Stone,3,3,Encounter,"You briefly strengthen your body, allowing your extremely sturdy physical form to take a tremendous assault with almost no harm.",,1 AP,,,You gain 1 + [half your Resilience Skill Total] stacks of Protected.,,,Resilience 4,Resilience,,,,,,
T017,Solemn Perseverance,3,3,,"""I am your loyal servant, my master. Failure is not an option...""",,Passive,,,"After the first time you lose Health each encounter, you gain: Protected 3 times; remove up to 2 total stacks of your choice of Bleeding/Crippled/Frightened/Slowed/Taunted/Vulnerable from yourself. Breaking your pact removes these benefits until atonement.",,,"Solemn Pact, (Resilience or Presence) 3","Resilience, Presence",,,,,,
T018,Strength from the Slain,3,3,,Many barbarian tribes practice the ritual of eating the hearts of enemy warriors slain in combat.,,1 AP,,An adjacent humanoid Downed this encounter by you or an ally,You remove and eat the target's heart (usually killing them instantly if still alive). You gain: sustained as from a full meal; Hasted and Protected 3 times each; once this encounter Good Luck on one Athletics/Brawl/Melee/Might/Presence/Resilience flip.,,,"Might 3, Resilience 3","Might, Resilience",,,,,,
T019,Toughened Resolve,3,3,Duplicate,"Pushing yourself to your physical limits, when victory rests on a knife's edge you refuse to falter.",,Passive,,,Increase your maximum Shallow and Deep Health each by 2.,,,(Resilience or Composure) 4,"Resilience, Composure",,,,,2,2
T020,Lay On Hands,4,4,,,,1 AP,Discard a card,Yourself or an adjacent willing creature,"Do each in order: 1. Reduce effects of each Poison as though an hour passed. 2. Remove up to 2 stacks of Bleeding. 3. Target heals 1 Health, or 2 if the discarded card was a Heart.",,,"Composure 3, Presence 3","Composure, Presence",TRUE,TRUE,,,,
T021,Mind and Body Unbroken,4,4,,,,0 AP - Interrupt (you would become Downed),Discard a card,,You are not Downed. Instead you have 1 Shallow and 1 Deep Health remaining.,,,"(Resilience, Composure, or Meditation) 5","Resilience, Composure, Meditation",TRUE,,,,,
T022,Solemn Covenant,4,4,,"(Extended oath: to be kind, to be strong, to be good — see full rules text)",,Passive,,,"At the start of each encounter, you gain 4 Covenant points. When you use an Encounter Technique, you may pay [that Technique's Level] Covenant points to not expend a use of it. Breaking your pact removes these benefits until atonement.",,,"Solemn Perseverance, (Any Skill) 5",,,,,,,
T023,Toughened Spirit,4,4,Duplicate,"Your resilience is legendary, a silhouette moving tirelessly through the fires of adversity and emerging unscathed.",,Passive,,,Increase your maximum Shallow Health by 5.,,,(Resilience or Composure) 5,"Resilience, Composure",,,,,5,
T024,Artisanal Training,1,1,Duplicate,"Through a formal apprenticeship or independent study, you have refined your craft enough to produce finished goods.",,Passive,,,"Each time you learn this, choose a creation School: Smithing, Carving, Tailoring, Jewelrymaking, Alchemy, or Cooking. You are trained in crafting using the chosen School.",,,Craft 2 (if Smithing/Carving/Tailoring/Jewelrymaking) or Mixology 2 (if Alchemy/Cooking) or Survival 2 (if Cooking),"Craft, Mixology, Survival",,,,,,
T025,Extensive Background,1,1,Duplicate,"You benefit from a wealth of training and practice early in life, steeping you in the culture and skills of your upbringing.",,Passive,,,"Each time you learn this, choose a new background from either the General list or your specific list (Settler or Wildfolk).",,,None,,,,,,,
T026,Practiced Persona,1,1,Duplicate,"After some time adopting disguises and alternate identities, you have constructed a favorite persona for certain situations.",,Passive,,,"Each time you learn this, choose a new persona (fake identity; may not be a real person; must have standard appearance, occupation, habits, and background). You have Good Luck on flips to disguise yourself or act as your persona.",,,Masquerade 2,Masquerade,,,,,,
T027,Profession,1,1,Duplicate,"You benefit from basic training in a practice or profession, giving you solid fundamentals in a valuable skill.",,Passive,,,"Each time you learn this, choose one profession: Apothecary, Artisan, Busker, Fisher, Gatherer, Grifter, Merchant, Sailor, Tactician, or Theologian. Each grants Good Luck on relevant flips. See rules for each option's specific benefit and prereq.",,,(Based on option chosen),Varies,,,,,,
T028,Ventriloquy,1,1,Subtle,"The art of disguise is less about how you look, but rather how others hear and see you.",,Passive,,,"When using Masquerade to disguise your voice, you may instead make the flip as a Masquerade attack against the Insight Defense of all onlookers. Each target hit falls for the vocal disguise and believes it came from an object or space within twice [your Masquerade skill total] spaces. On a miss, target recognizes the inauthenticity but is unsure of its source.",,,"Masquerade 2, Insight 1","Masquerade, Insight",,,,,,
T029,Air of Mystery,2,2,,People find it hard to remember exactly who you were or what you were doing just a bit ago.,,Passive,,,"While disguised, if someone sees through your disguise they cannot determine your actual identity, just that you're an imposter. Onlookers will not remember your involvement in any event unless you directly interacted with them memorably; even then they have Bad Luck on flips to draw conclusions.",,,Masquerade 3,Masquerade,,,,,,
T030,Animal Companion,2,2,,"""This old girl? Found her hurt in the woods a few seasons back, nursed her back to health.""",,Passive,,,"You train an animal, making it your Animal Companion. The animal must be willing/tamed; training usually takes a full day. Once official, it behaves as Summoned. You can only have one animal companion at a time; training a new one breaks the bond with the old.",,,Survival 3,Survival,,,,,,
T031,Animal Companion: Trick,1,1,Duplicate,"""You know, I really wish your wolf would stop slobbering into our mugs.""",,Passive,,,"Your companion learns one trick: Civilized (manipulate objects like a small child), Determination (+1 max Shallow and Deep Health each), Trained (one Skill Total = [your Survival ST] - 2), Quick (+2 Speed, once only), Martial Training (learn a Level 1 Battle Maneuver), or Beast Feast [Encounter] (eat heart of downed enemy, heal 2 Health). Apply to whichever animal is your companion.",,,Animal Companion,,,TRUE,,,,
T032,Awaken Armament,2,2,,The weapons and armor that you craft hold secrets and potential that you can unlock.,,1 AP,Discard X cards (minimum 1),"An item you personally crafted, which you are touching",Choose a Masterwork enhancement you know of Level X or lower. The target item gains that enhancement until you get a full night's rest. The enhancement must be one you could normally create.,,,Craft 3,Craft,TRUE,,,,,
T033,Hand of the Chirurgeon,2,2,,With a great amount of practice and knowledge you have learned the fundamentals of medicine.,,2 AP,,Yourself or a willing humanoid patient adjacent to you,Remove up to [half your Medicine Skill Total] stacks of Bleeding from the target.,,,Medicine 3,Medicine,,,,,,
T034,Legerdemain,2,2,,"As a practiced thief and tinkerer, you have trained in manual dexterity enough that you can bypass locks and swipe valuables easily and without a trace.",,Passive,,,"Picking a lock never takes more than 4 AP. You may treat any rigid object that fits in the keyhole as a lockpick. When you successfully steal through sleight of hand, onlookers have Bad Luck on flips to notice its absence for the encounter. When you fail to pick a pocket, neither victim nor onlookers know who is responsible.",,,"Stealth 2, Craft 2","Stealth, Craft",,,,,,
T035,Mighty Mixologist,2,2,,"Familiar with the principles and practical applications of your alchemical creations, you know how to maximize their effectiveness.",,Passive,,,"When you attack with a damaging Grenade item of Level 3 or lower, it deals +1 damage. If your Body is lower than 5, you may treat it as 1 higher for Grenade attack range. Whenever you use a Poison created with Mixology, its Concentration becomes +[your Mixology Skill Total] if it would be lower.",,,Mixology 3,Mixology,,,,,,
T036,Patch Up,2,2,,"With a strong foundation of practical medicine, your tender care and efficient bandaging ensure that your traveling companions are kept in good shape.",,10 minutes,Discard a card or use 1 Medicinal Supply,Up to [half your Medicine Skill Total] humanoid patients,All targets who get a full night's rest immediately after being treated heal an extra Health. A creature can only benefit from this Technique once per rest.,,,Medicine 3,Medicine,TRUE,TRUE,,,,
T037,Placeholder's Alacritous Adaptation,2,2,,"(Extended literary quote from Arcanists of Myth and Legend, Vol. IV)",,0 AP - Interrupt (any time),Expend the use of any number of Discipline/Martial/Spell Encounter Techniques,,"You regain the use of one Discipline, Martial, or Spell Encounter Technique. The regained Technique's Level must be lower than the total Levels of Techniques you expended as a cost.",,,"Academics 2, Meditation 2","Academics, Meditation",,,,,,
T038,Practical Necromancy,2,2,,"Well-learned in practical applications of your magic, you have learned to do more than simply raise corpses.",,Passive,,,"When creating an item, you may replace any Metal or Wood in its Base Materials with Bone; for such items you may use Carving instead of Smithing. If you know Raise Corpse, items you create this way may be animated as a Reanimated Corpse substitute, powered by your magic.",,,Craft 3,Craft,,,,,,
T039,Quick Draw,2,2,,You have an uncanny knack for always having just what you need right at hand and having quick fingers readying your equipment.,,Passive,,,"It takes you 0 AP to retrieve or store an item, regardless of location, although it must still be within reach.",,,"Acrobatics 3, Insight 2","Acrobatics, Insight",,,,,,
T040,Re-purpose Materials,2,2,,While many craftsmen can work with prepared materials you have a more pragmatic approach and are a deft hand at rendering finished products into serviceable materials.,,Passive,,,"You may break down existing items into raw materials. Produces materials of Types matching the Base and Extra Materials of the item, split evenly (GM decides). If you created the item, you receive those exact material Types. All materials produced are of the item's Level.",,,"(Craft, Mixology, or Survival) 3","Craft, Mixology, Survival",,,,,,
T041,Scrapcraft,2,2,Encounter,"You are in the habit of keeping a variety of half-completed spare parts in your pack, and in the practice of making common items from various odds and ends.",,2 AP or 1 minute,,,"You create a non-Masterwork item with Craft as its relevant Skill, whose School/Skill/recipe requirements you meet. All required materials must be within reach. The item stays together as long as you keep this Technique committed, then falls apart into the materials used.",,,Craft 3,Craft,,,,,,
T042,Shadow's Path,2,2,,"A phantom in the shadows, the art of stealth comes so naturally to you that you can easily guide your allies while remaining hidden.",,Passive,,,"You have Good Luck on Stealth checks to sneak into or out of places. In a group Stealth check, you may flip first; you may Gamble, gaining [Spades] extra successes. For each success, you may give an ally Good Luck on their Stealth flip. You may not benefit someone also using this Technique.",,,Stealth 3,Stealth,,,,,,
T043,Street Runner,2,2,,"With a keen eye for the layout of alleys, tunnels, and bakeries, you know how to move through a city both unfettered and well-fed.",,Passive,,,"You have Good Luck on Streetwise flips to navigate and travel through settlements at least as large as a town. Once per day in an urban environment, you automatically find water for the party and food for [half your Streetwise Skill Total] people (must be consumed immediately; Level 1 Food equivalent).",,,Streetwise 3,Streetwise,,,,,,
T044,Wisdom of the Woods,2,2,,"""Tryin' to make the trek north to Rivera?...""",,Passive,,,"You have Good Luck when using Survival to Scout or Search outdoors, or when Assisting others with Survival. Others have Good Luck when Assisting on your Survival flips. If your Survival flip has at least one Heart in the pool, you recall an interesting fact relevant to the flip.",,,Survival 3,Survival,,,,,,
T045,Analyze Stance,3,3,,"""Based on how far down the handle he's holding his sword...""",,1 AP - Interrupt (any time),,A creature you can see,"The next attack against the target's Dodge or Parry Defense made by you or someone you choose has Good Luck. Then, make an Academics attack against the target's Instinct Defense. If it hits, gain [Spades] Extra Successes, then learn one of the following per success: Parry/Dodge Defense and Harried stacks; Accuracy and Damage with wielded weapons; Physical Resist; Fire/Frost/Brilliant/Shadow Resists; Vital/Mental/Instinct Defenses and Vulnerable stacks.",,,"Academics 3, (Acrobatics, Archery, Melee, or Meditation) 2","Academics, Acrobatics, Archery, Melee, Meditation",,,,,,
T046,Artisan's Eye,3,3,,Your discerning eye sees all when it comes to your craft.,,1 AP,,"A created/crafted item, or a schematic/recipe","You understand all of the target item's statistics as though you had flipped a 13 to analyze it, including materials. If you meet the skill requirements to create the item, you permanently learn it as a recipe.",,,"(Craft, Mixology, or Survival) 4, Academics 2","Craft, Mixology, Survival, Academics",,,,,,
T047,Bespoke Masterpieces,3,3,,"While other artisans make impressive accessories and armaments, they're all cast from the same mold.",,Passive,,,You can use Masterwork items you personally created as base items when creating new Masterwork items. The item retains previous enhancements and gains the new one in addition. This increases the item's Level by that of the new enhancement; you may not raise an item's Level past 6 this way. You cannot give an item an enhancement it already has.,,,Craft 4,Craft,,,,,,
T048,Environmental Esoterica,3,3,,"""How on earth did you find a sealed bottle of rum in the desert?...""",,Passive,,,"When using Survival to Scout or Search in the outdoors, you may treat your [NOTE: effects text is incomplete in source document — to be completed].",,,Survival 4,Survival,,,,,,
T049,Gather the Evidence,3,3,,"""We're clearly missing something here...""",,10 minutes,Discard a card (if used on the same subject before),,"Choose a subject to gain knowledge about. Make an Academics flip with Good Luck against a hidden difficulty. On success, you learn something useful about the subject. If something prevents you from gaining the information, you learn exactly what that obstacle is and how it relates to the topic.",,,Academics 4,Academics,TRUE,,,,,
T050,Optimize Blood,3,3,,"By assessing the patient's pulse, bloodflow, and overall bodily state, you can determine how best to improve their short-term health and promote functions like clotting.",,10 minutes,Discard a card or use 1 Medicinal Supply,Yourself or a willing humanoid patient adjacent to you,"For the next [half your Medicine Skill Total] Health the target would lose, instead they gain that many stacks of Bleeding. This effect lasts until the target gets a full night's rest.",,,Medicine 4,Medicine,TRUE,,,,,
T051,Preparation,3,3,,"The old saying goes ""an ounce of prevention is worth a pound of cure"".",,0 AP - Interrupt (any time),Discard a card,,"You retroactively reveal that you had made preparations useful in your current situation. These must be ordinary steps you could have plausibly taken previously. Examples: stashing supplies in a hidden cache, having sent a letter, having researched a topic. Preparations that cost Gold require you to pay that Gold now. GM decides validity.",,,Streetwise 4,Streetwise,TRUE,,,,,
T052,Vanish,3,3,Encounter,"With a smoke bomb, great wave of a cloak, or some other obscuring act, you vanish from sight.",,1 AP,,All onlookers who can see you,"Make a Stealth attack against the Instinct Defense of each target. If it hits, the target cannot see you for 1 round or until you declare an attack against them. After this time you may hide as normal, with targets alerted to your likely presence.",,You may discard a card at any time to regain a use of this Technique.,Stealth 4,Stealth,TRUE,,,,,
T053,Bottomless Bottles,4,4,,Each week your fingers are stained a different color from different alchemical reagents.,,10 minutes,Discard X cards,,"You create items with a total Gold cost of no more than [4 times X], requiring no materials. Items must have Mixology as their Relevant Skill and you must meet all creation requirements. These items last until you get a full night's rest, then fade away.",,,"Mixology 3, Resilience 2, (Streetwise, Academics, or Medicine) 2","Mixology, Resilience, Streetwise, Academics, Medicine",TRUE,,,,,
T054,One of Many Faces,4,4,,You have mastered the art of infiltration and imitation.,You are not being observed by anyone,4 AP,,,"Instantly assume a disguise with Masquerade as though you flipped a 13, but as a generic nondescript person. While in this disguise, you have Good Luck on Masquerade flips, and for 2 AP in a social contest you may make a Strategic statement using Masquerade.",,,Masquerade 5,Masquerade,,,,,,
T055,Pressure Point Revitalization,4,4,,"Thanks to your almost encyclopedic knowledge of the human(oid) body, you can tell at a glance where someone's life force pools.",,2 AP,Discard a card,A willing humanoid patient adjacent to you,"Make a Medicine flip with difficulty 11. If you succeed, gain 1 extra success for each 2 you beat the difficulty by; X = total successes. Your target may discard up to X cards, then heals 1 Health for each card discarded, plus 1 Health for each unique suit among cards discarded.",,,Medicine 5,Medicine,TRUE,TRUE,,,,
T056,Preternatural Reflexes,5,5,,"You keep your razor sharp wits about you at all times, and you react to danger the instant it presents itself.",,Passive,,,"When a combat begins, if there would not normally be a surprise round (or you would not be included in one), instead there is a surprise round and you are part of it (3 AP only). You are always aware of attacks against your Dodge or Parry Defense.",,,"Awareness 5, Insight 5, Composure 5","Awareness, Insight, Composure",,,,,,
T057,Social Maneuver,1,4,"Social, Buildable, Encounter",,,"2 AP, during a social contest",,,"Make a Strategic statement using Presence, Persuasion, or Rapport against a target in the social contest.","When you learn this, choose features that apply (see Features sheet). Points: Level 1: 2 basic; Level 2: 4 basic; Level 3: 6 basic/advanced; Level 4: 8 basic/advanced.",,Insight [Level],Insight,,,TRUE,,,
T058,Challenge,1,1,"Encounter, Social","You bellow out a challenge to an enemy, drawing their attention away from your allies and forcing them to face you.",,1 AP,,A hostile creature within [Presence Skill Total] meters,"Make a Presence attack against the target's Mental Defense. If the attack hits, you Taunt the target 5 + [Hearts] times.",,"You may expend this during a social contest (while in the front, when you succeed on a Charismatic statement) to Taunt the target once.",Presence 2,Presence,,,,,,
T059,Follower,1,1,,"You have gained the trust and loyalty of a squire, apprentice, familiar, or other follower who helps you on your adventures.",,Passive,,,"You gain a follower (GM-controlled but loyal). They: are trustworthy and communicate with you; have Skill Total 0 for all actions but can carry a small pack; cannot participate in combat and will flee from danger. If you part ways, you may gain a similar or new follower.",,,(Presence or Rapport) 2,"Presence, Rapport",,,,,,
T060,Follower: Knack,1,1,Duplicate,"Your heroics and expertise have pushed your follower to follow in your footsteps, developing their own abilities.",,Passive,,,"Choose one knack for your follower: Contraband Handler (hide small objects), Strong Shoulders (carry heavy loads), Medical Training (+1 Health healed per rest while tending), Squire (hand weapon to ally for 1 AP), Magical Adept (minor magic, once/encounter extend your Spell range by 5), Scavenger (find Level 1 material per day), Performer (earn info or social benefit while in civilization), Guild Member (do official business on your behalf).",,,Follower,,,,,,,
T061,A Perfectly Good Explanation,2,2,Social,"""You understand that taking anything without permission is thievery, and punishable by law, yes?""",,Passive,,,"Whenever your party would gain Concessions in a social contest, as many times as you like you may discard a card and reduce those Concessions by 3 (or 4 if you discarded a Heart).",,,(Persuasion or Rapport) 3,"Persuasion, Rapport",TRUE,,,,,
T062,Cry of Victory,2,2,,"As you strike down an enemy you bellow out, shaking your foes to their bones and causing them to briefly hesitate.",,0 AP - Interrupt (you Down a hostile creature),,Any number of hostile creatures within [Presence Skill Total] meters,Make a Presence attack against the Mental Defense of each target. You Frighten each target hit 2 + [Hearts] times.,,"You may expend this during a social contest (while in front, when you succeed on a Charismatic statement) to Frighten the target once.",Presence 3,Presence,,,,,,
T063,Favorite Face,2,2,,"Whether it's your good looks, winning smile, or overall pleasant demeanor, people always seem to view you in a better light.",,Passive,,,"You never suffer penalties for being a new or unfamiliar face in social situations. If your first statement in a social contest uses Rapport, it has Good Luck. If your party wins a social contest and chooses Disrespect, neither the other party nor onlookers will view your party poorly — they view you with sympathy and may grant Good Luck.",,,Rapport 3,Rapport,,,,,,
T064,Heroic Inspiration,2,2,Encounter,"Invoking tales of great warriors, you wash away your comrades' worries and concern and push them to battle.",,2 AP,,Any number of allies who can see or hear you,"Choose one of the following, [half your Performance Skill Total] times: a target is Protected twice (plus once per extra time targeted); remove a stack of Taunted or Frightened from a target; a target may adjust their position in turn order by 1.",,,Performance 3,Performance,,,,,,
T065,Rumormonger,2,2,Social,"You have a knack for gossip that borders on concerning, but which proves very useful whenever you need to gently fan the winds of a social situation.",,Passive,,,"You have Good Luck on Streetwise flips to spread rumors and change opinions. Successful rumors spread to the immediate venue within an hour, then spread further each day. You also have Good Luck on flips to gather information about the rumor after the fact. Once per social contest, you can leverage the rumor for Good Luck twice on a social statement (if relevant and believed).",,,Streetwise 3,Streetwise,,,,,,
T066,Bolstering Refrain,3,3,,"Your words and songs uplift your allies, pushing away their weariness and straightening their backs to fight anew.",,2 AP,Pitch 2 cards,Up to [half your Performance Skill Total] allies who can see or hear you,Each target heals 1 Shallow Health.,,,Performance 4,Performance,TRUE,TRUE,,,,
T067,Exert Pressure,3,3,Encounter,"Standing strong, looming over your foes in combat, your presence in a pitched melee is impossible to ignore.",,1 AP,,Any number of creatures within 2 meters of you,Make a Presence attack against the Mental Defense of each target. You taunt each target hit 3 + [Hearts] times.,,"You may expend this during a social contest (while in front, when you succeed on a Charismatic statement) to Taunt every member of the other party once.",Presence 4,Presence,,,,,,
T068,Dominate Mind,4,4,"Social, Theurgy Spell, Encounter, Subtle",A seemingly innocuous argument or remark serves as the vehicle for a powerful enchantment.,,"2 AP, during a social contest",,,"Make a Strategic statement using Theurgy instead of the usual Skill. If the statement succeeds and your party ultimately wins the social contest, that person is dominated for the rest of the current encounter. At the start of each subsequent encounter you may Pitch a card to extend the effect. While dominated, the person treats anything you say as from a close trusted friend and will follow reasonable requests. Once the effect ends, they believe they acted of their own free will.",,Pitch a card at start of each encounter to extend the domination effect.,"Theurgy 5, Insight 4","Theurgy, Insight",TRUE,,,,,
T069,Raise Spirits,4,4,,"No one person can do everything, but if you believe in your friends then you can accomplish anything.",,Passive (or 1 AP Interrupt),,,"You may always use Performance to Assist an ally (even when it makes little sense), with Good Luck on the flip. For 1 AP as an interrupt when an ally within [Performance Skill Total] meters declares an attack, you may give them Good Luck on the attack.",,,"Performance 3, Presence 3","Performance, Presence",,,,,,
T070,Rally to Victory,4,4,,"In every great war story, when the battle is grim and the army is on the brink of defeat a hero will rise above the masses and inspire them to victory.",,1 AP,Discard a card for each target,Any number of willing allies who can see or hear you,"Each target Sifts X cards (X = [half your Performance Skill Total]), then discards up to X cards, then draws a card for each one discarded.",,,Performance 5,Performance,TRUE,,,,,
T071,The Gatekeeper,5,5,Encounter,"""Your entire division was defeated by that band of rebels?...""",,1 AP,,Any number of creatures who can see or hear you,Make a Presence attack against the Mental Defense of each target. You Taunt each target hit an infinite number of times. These stacks are removed at the end of the encounter.,,,"Presence 5, (Composure or Meditation) 5","Presence, Composure, Meditation",,,,,,
T072,Battle Maneuver,1,4,"Martial, Buildable, Encounter","The foundation of martial training, every military recruit and self-taught fighter learns how to attack in many strategic ways, knocking opponents off-guard and carving the way for victory.",,2 AP,,,Make a weapon attack.,"When you learn this, choose features that apply to the attack (see Features sheet). Points: Level 1: 3 basic; Level 2: 6 basic; Level 3: 9 basic/advanced; Level 4: 12 basic/advanced.",,"(Acrobatics, Archery, Brawl, or Melee) [Level + 1]","Acrobatics, Archery, Brawl, Melee",,,TRUE,,,
T073,Bladeslinging,1,1,Martial,"By adopting an unorthodox grip on your weapon, you can balance it in a way that allows you to leverage a greatsword with only one arm or throw the entire weight of your body behind a small blade.",,Passive (change grip as 0 AP),,,"You may change how you wield a close-range weapon (0 AP, like drawing/sheathing). Wielding a one-handed weapon with two hands makes it two-handed (+1 damage). Wielding a two-handed weapon one-handed makes it one-handed (-1 damage).",,,"Might 2, Academics 1","Might, Academics",,,,,,
T074,Feint,1,1,"Martial, Encounter",,,1 AP,,,"Make a weapon attack against the target's Instinct Defense. Instead of normal effects, if it hits then the target is Harried 3 + [Diamonds] times.",,,Insight 2,Insight,,,,,,
T075,Magehunter,1,1,"Martial, Encounter","Through multi-disciplinary training in magical practice, you have learned when spellcasters leave gaps in their defenses and how to exploit those weaknesses.",,"1 AP - Interrupt (a creature within your weapon's range declares a Spell, before it is cast)",,The creature trying to cast a Spell,"Make a weapon attack against the target. You may use a Technique instead, as long as it has you make a weapon attack against the target and takes no more than 2 AP to use.",,,"Academics 2, (Sorcery or Theurgy) 1","Academics, Sorcery, Theurgy",,,,,,
T076,Parting Shot,1,1,"Martial, Encounter","By keeping a keen eye on the flow of battle, you can punish enemies who try to disengage from you.",,1 AP - Interrupt (a creature within range of a close-range weapon you are wielding would move or be Pushed outside your range),,The creature trying to move or being Pushed,"Make an attack with a close-range weapon against the target. You may use a Technique instead, as long as it has you make a weapon attack with a close-range weapon against the target and takes no more than 2 AP.",,,(Acrobatics or Insight) 2,"Acrobatics, Insight",,,,,,
T077,Blinkstep,2,2,"Martial, Encounter","With a quick, fluid motion you dance around your enemies.",,0 AP,,,Shift up to [half your Acrobatics Skill Total] meters.,,,Acrobatics 3,Acrobatics,,,,,,
T078,Perfect Strike,2,2,Martial,,,0 AP - Interrupt (you declare a weapon attack),Discard a card,,"You have Good Luck on the weapon attack, then choose one: have Good Luck a second time on the attack; or add the discarded card to the attack's suit pool.",,,"(Acrobatics, Archery, Brawl, or Melee) 3","Acrobatics, Archery, Brawl, Melee",TRUE,,,,,
T079,Cloak and Dagger,3,3,Martial,"""Lord Radcliffe! How did you manage to convince the boss of that criminal gang to stop interfering in our trade routes?...""",,0 AP - Interrupt (you declare a weapon attack with a close-range weapon that isn't Heavy or two-handed),Discard a card,,"Make a Stealth attack against the Instinct Defense of a target of the weapon attack (Good Luck if you discarded a Spade). If it hits, that target is unaware of the attack. You may not use this against a target more than once per attack.",,,Stealth 4,Stealth,TRUE,,,,,
T080,Shugen Style - Spirit Bolt,1,1,"Discipline, Encounter",An initiate of the spiritual arts learns to direct their energy into tangible bolts directed at their enemies.,,2 AP,,A creature within [Meditation Skill Total] meters,"Make a Meditation attack against the target's Dodge Defense. If the attack hits, it deals 3 + [Mind] Brilliant damage.",,,Meditation 2,Meditation,,,,,,
T081,Bear Style - Boulder Toss,2,2,"Martial, Encounter",,Your hands are empty,0 AP - Interrupt (you hit with an attack to grapple a creature),,The creature you grappled,"End the grapple and throw the target up to [half your Might Skill Total] meters in a straight line. If thrown into a sturdy object, the target strikes it (3 + [your Body] Physical damage to both). If thrown through a creature's space, make a Might attack against that creature's Dodge; if it hits they are struck for the same damage. Target lands in front of the obstacle.",,,"Brawl 3, Might 2","Brawl, Might",,,,,,
T082,Channel Ki,2,2,Discipline,"(Extended quote from Arcanists of Myth and Legend, Vol. I about the ancient master Kodai)",,X AP (X must be [half your Meditation Skill Total] or less),,,Regain the use of an Encounter Technique with a Level of X or less.,,,Meditation 2,Meditation,,,,,,
T083,Demon Style - Plague Fist,2,2,"Discipline, Martial, Encounter","A corruption of traditional hand-to-hand ki maneuvers, you twist your victim's spirit and desecrate their life force.",,2 AP,,,"Make an Unarmed weapon attack which deals its damage as Shadow. If the attack hits, before damage is dealt, the target gains [half your Meditation Skill Total] + [Spades] stacks of Necrotic, then [half your Meditation Skill Total] + [Diamonds] stacks of Vulnerable.",,,"Brawl 3, Meditation 2","Brawl, Meditation",,,,,,
T084,Ignore Pain,2,2,"Discipline, Encounter",Fighting styles and magics that induce weakness in the body frequently rely on exploiting simple yet effective pressure points.,,0 AP - Interrupt (any time),,,Remove up to [half your Meditation Skill Total] total stacks of Crippled and/or Slowed from yourself.,,,Meditation 3,Meditation,,,,,,
T085,Pranic Nourishment,2,2,Discipline,"You can tune your body into the metaphysical weave of your surroundings, sustaining yourself off of the energy of the world around you.",,Passive,,,"You only need to meditate for half an hour to get a full night's rest, and heal an extra 1 Health per rest. You do not need to eat or drink. You may eat almost anything safely. Effectively immune to ingested poisons; does not prevent intoxication but prevents extreme harmful effects like alcohol poisoning.",,,Meditation 3,Meditation,,TRUE,,,,
T086,Shugen Style - Iron Skin,2,2,"Discipline, Encounter","As an attack weaves its way past your guard, you concentrate your energy into your skin to deflect the force of the blow.",,"2 AP - Interrupt (you are hit by an attack, before the attack is resolved)",,,You gain [half your Meditation Skill Total] stacks of Protected.,,,Meditation 3,Meditation,,,,,,
T087,Shugen Style - Through the Void,2,2,"Discipline, Encounter","Just as water rushes to fill an empty vessel, by regulating the flow of your ki you can pull your physical being through space to another's.",,1 AP,,A creature within [Meditation Skill Total] meters,"Teleport to any empty space adjacent to the target. You may then make a Meditation attack against the target's Mental Defense; if it hits, the target Teleports into the space you were originally in.",,,Meditation 3,Meditation,,,,,,
T088,Snake Style - Heelbiter,2,2,"Martial, Encounter","When an enemy tries to disengage from combat you creep around them and trip up their movement, steadily constricting them.","Your hands are empty, and you are unarmored",0 AP - Interrupt (a creature within range of your Unarmed weapon attempts to move away or be Pushed away from you),,The creature trying to move or being Pushed,"Make an Unarmed weapon attack against that creature. If it hits, the creature does not move or is not Pushed; their movement for that action or effect is Countered.",,,"Brawl 3, Acrobatics 2","Brawl, Acrobatics",,,,,,
T089,Snake Style - Chainbreaker,2,2,"Martial, Encounter",(Extended quote about Master Raha who freed a labor camp using his chains as weapons),"Your hands are empty, and you are unarmored","1 AP - Interrupt (a weapon attack flip is made targeting only you against your Parry Defense, before its effects are resolved)",,"A creature within range of the attack, or the attacker","Make an Unarmed weapon attack flip; its result becomes X. Your Parry Defense against the attack becomes X. If you Parry it, the attack is instead made against the target you chose as though it had a flip result of X, then resolved normally.",,,"Brawl 3, Acrobatics 2, Meditation 2","Brawl, Acrobatics, Meditation",,,,,,
T090,Corrupted Blood,3,3,Discipline,"One belief that many civilizations across the land share is that, for a variety of reasons, they consider blood to be important, even sacred.",,2 AP,"1 Health, discard a card",,"Choose Bloody, Necrotic, Vulnerability, or Psychosis Poison; create a fresh dose with Concentration +X and Potency [half X] (X = your Meditation Skill Total). Extra +1 Potency if matching suit was Pitched (Clubs/Bloody, Spades/Necrotic, Diamonds/Vulnerability, Hearts/Psychosis). Spend 1 AP to coat a weapon instead. You are immune to this poison. After a full rest, the poison loses potency.",,,"Meditation 4, Resilience 3","Meditation, Resilience",TRUE,,,,,
T091,Shugen Style - Fist of the Third Dragon,3,3,"Discipline, Encounter","By studying the wisdom and technique of the dragons, acolytes have learned how to channel power in unusual and impressive ways.",,2 AP,,All creatures in a 3-meter-cone from you,"Make a Meditation attack against each target's Mental Defense. The attack deals 1 + [Mind] Brilliant damage. If it hits, you Frighten the target 3 + [Hearts] times and Slow the target 3 + [Spades] times.",,,Meditation 4,Meditation,,,,,,
T092,Snake Style - Turn the Tables,3,3,"Martial, Encounter",With a certain limb-lock you can twist a creature you are grappling in the way of oncoming blows.,"Your hands are empty, and you are unarmored",0 AP - Interrupt (you successfully grapple a creature),,The creature you grappled,"You use the target as a shield until the grapple ends. You may Parry with them as a Brawl weapon (Defense +0). If you successfully Parry an attack with the target, the attack instead targets their Parry Defense and is resolved accordingly.",,,"Brawl 4, Acrobatics 3","Brawl, Acrobatics",,,,,,
T093,Harmonious Mending,4,4,Discipline,"Bringing your physical and spiritual being into alignment, you restore harmony to your body as well as re-balance your energies.",,1 AP,Discard X cards (maximum [half your Meditation Skill Total]),,"Do each in order: 1. Reduce effects of each poison as though X hours passed. 2. Heal X + [Hearts discarded] Health. 3. Remove a stack of Bleeding per Club discarded, Necrotic per Spade, Vulnerable per Diamond, and Frightened or Taunted per Heart discarded.",,,Meditation 5,Meditation,TRUE,TRUE,,,,
T094,Conjure Armament,1,1,Duplicate,"You conjure a weapon. Or maybe a suit of armor. You know, whatever you're feeling at the time.",,1 AP (or free as part of declaring an attack),,"Yourself, an ally, or a space within [Sorcery or Theurgy Skill Total] meters","Conjure up to X weapons, armor, or ammunition of a type you choose. Functions as regular equipment; lasts until dismissed. You may have no more than X conjured (X = times you know this Spell). When declaring an attack, you may cast this as part of that action (0 extra AP) to conjure a weapon for that attack only.",,,"(Sorcery or Theurgy) 2, Craft 1","Sorcery, Theurgy, Craft",,,,,,
T095,Placeholder's Tender Telekinesis,1,1,Duplicate,One of the most prominent of Placeholder's legendary incantations — a favorite of practical magicians and magical instructors alike.,,2 AP,,"An object no heavier than 5 kg or up to 1 liter of liquid, within [Sorcery or Theurgy Skill Total] meters. One target per time you know this Spell.","Conjure a magical force to move the target object(s), allowing manipulation up to [your Sorcery or Theurgy Skill Total] meters. Complex use costs 1 extra AP and requires relevant Skill flips. May not be used to attack. If you stop casting or spend a turn without casting, objects fall.",,,"(Sorcery or Theurgy) 2, Might 1","Sorcery, Theurgy, Might",,,,,,
T096,Placeholder's Wizardly Witchlight,1,1,,Another classic spell attributed to the arcanist pseudonym Placeholder — a staple of the practical arcanist.,,2 AP,,,"Create a flame that fits in your empty hand, casting up to torchlight in any color you choose. Gently warm to your touch; affects others as a normal flame. Lasts until you use the hand, lose consciousness, or dismiss it. You may make it ethereal (only you see it) at will; spend 1 AP to toggle.",,,"(Sorcery or Theurgy) 2, Awareness 1","Sorcery, Theurgy, Awareness",,,,,,
T097,Shadow Jaunt,1,1,Encounter,"Your form flickers into absolute darkness, and in the blink of an eye you fade from view and reappear somewhere else.",,1 AP,,,You Teleport up to [Sorcery or Theurgy Skill Total] meters.,,,(Sorcery or Theurgy) 2,"Sorcery, Theurgy",,,,,,
T098,Raise Corpse,2,2,,"The cornerstone of popular necromancy and a timeless classic, this spell binds magical power into a dead body to animate it under your command.",,2 AP,,A pile of humanoid remains within [Sorcery or Theurgy Skill Total] meters,"You Summon the target remains as a Reanimated Corpse. You may control up to [Mind] corpses at a time; if you exceed this limit, the oldest corpse is de-animated. Larger/smaller corpses count proportionally toward your limit.",,,"(Sorcery or Theurgy) 3, Medicine 2","Sorcery, Theurgy, Medicine",,,,,,
T099,Ritual Magic,2,2,,An ancient practice from times of less refined spellcasting — certain magical techniques allow multiple casters to pool their energies to empower a single ritual.,,Passive,,,"Whenever you could discard cards for a cost or effect of one of your Spells, a willing ally within [Sorcery or Theurgy Skill Total] meters may discard any number of those cards instead of you. Treat those cards as though you had discarded them yourself.",,,"(Sorcery or Theurgy) 3, (Meditation or Rapport) 2","Sorcery, Theurgy, Meditation, Rapport",,,,,,
T100,Spellblade,2,2,Martial,Your practice with both sorcery and martial combat has given you the ability to seamlessly integrate magic with your swordplay.,,2 AP,Expend the use of a Spell Encounter Technique; X is its Level,,Choose one option then make a weapon attack. General options: range +[6×X] meters; Push [6×X]+[Spades] meters; target gains [3×X]+[Clubs] Bleeding; you gain [3×X]+1+[Hearts] Fire/Frost/Shadow Ward. Sorcery options: target Slowed [3×X]+[Spades]; Vulnerable [3×X]+[Diamonds]; Necrotic [3×X]+[Diamonds]. Theurgy options: Shift [6×X]+[Clubs] meters; Protected [3×X]+1+[Spades]; target Crippled [3×X]+[Clubs].,,,"(Acrobatics, Archery, or Melee) 3, (Sorcery or Theurgy) 3","Acrobatics, Archery, Melee, Sorcery, Theurgy",,,,,,
T101,Summon Slime,2,2,Encounter,"You meld residual matter with ambient spiritual or elemental energies, creating a mindless animated blob you can guide with your magic.",,2 AP,,An empty space within [Sorcery or Theurgy Skill Total] meters,"You create a Summoned Slime in the target space, lasting for the encounter. When cast, you may commit this Spell; if you do, the Slime lasts as long as you keep this Spell committed after the scene ends.",,,"(Sorcery or Theurgy) 3, Resilience 2","Sorcery, Theurgy, Resilience",,,,,,
T102,Telepathic Link,2,2,Duplicate,"""What does this weird spell do again?...""",,2 AP,,"Yourself and/or any number of allies you touch, up to [Sorcery or Theurgy Skill Total] creatures per time you know this Spell",All targets are linked and may communicate mentally at the speed of thought. Allies farther than [Mind] km from you cannot hear or speak through the link. You can maintain up to X different links (X = times you know this Spell). Each link lasts until dismissed or you fall unconscious.,,,"(Sorcery or Theurgy) 3, Rapport 2","Sorcery, Theurgy, Rapport",,,,,,
T103,Summon Earthen Golem,4,4,Encounter,You cause the earth itself to form a golem and fight by your side.,,2 AP,Discard a card,An empty space within [Sorcery or Theurgy Skill Total] meters,"You Summon an Earthen Golem in the target space, lasting for the encounter. When cast, you may commit this Spell; if you do, the Golem lasts as long as you keep this Spell committed or until you get a full night's rest.",,,"(Sorcery or Theurgy) 5, Survival 4","Sorcery, Theurgy, Survival",TRUE,,,,,
T104,Spirit Blessing,1,4,"Theurgy Spell, Buildable, Encounter",,,2 AP,,Yourself or an adjacent ally,,"When you learn this, choose features that apply to the Spell (see Features sheet). Points: Level 1: 3 basic; Level 2: 4 basic; Level 3: 5 basic/advanced; Level 4: 6 basic/advanced.",,Theurgy [Level] + 1,Theurgy,,,TRUE,,,
T105,Healing Magic,1,4,"Theurgy Spell, Buildable",,,1 AP,Discard [this Spell's Level] cards,Yourself or an adjacent ally,"The target heals 1 Shallow Health, plus an extra Shallow Health for each Heart discarded.","When you learn this, choose features that apply to the Spell (see Features sheet). Points: Level 1: 1 basic; Level 2: 4 basic; Level 3: 8 basic/advanced; Level 4: 11 basic/advanced.",,Theurgy [Level] + 1,Theurgy,TRUE,TRUE,TRUE,,,
T106,From the Brink of Death,1,1,Theurgy Spell,With small threads of power you stitch together someone's wounds just enough to stabilize them.,,2 AP,,An adjacent ally who is Downed,Your target heals 1 Deep Health.,,,Theurgy 2,Theurgy,,TRUE,,,,
T107,Gust of Wind,1,1,"Theurgy Spell, Encounter",,,1 AP,,All creatures within a 3-meter-long cone,Make a Theurgy spell attack against the Dodge Defense of each target. Each target hit is Pushed back [twice your Mind] + [Spades] meters.,,,"Theurgy 2, Survival 1","Theurgy, Survival",,,,,,
T108,Beast Venom,2,2,"Theurgy Spell, Encounter",,,1 AP,,A creature within [Theurgy Skill Total] meters,"Choose Crippling, Slowing, or Psychosis Poison. Make a Theurgy spell attack against the target's Vital Defense. If it hits, the target is affected by that Poison with Potency 3. Crippling gains +[Clubs] Potency, Slowing +[Spades], Psychosis +[Hearts].",,,"Theurgy 3, Survival 2","Theurgy, Survival",,,,,,
T109,Land's Bounty,2,2,"Theurgy Spell, Encounter","A staple of druids living in small towns and communes, this incantation allows a druid to stoke the energy of the land and cause it to bear fruit in a heartbeat.",,2 AP,,"A circular area 2 meters in radius, centered on a space within [Theurgy Skill Total] meters","All plant life in target spaces grows as though for an entire season. In most climates, affected terrain has [Mind] level of Difficult Terrain and additional effects may apply.",,,"Theurgy 3, Survival 2","Theurgy, Survival",,,,,,
T110,Lifeline,2,2,"Theurgy Spell, Encounter","Extending your life force out to encompass a friend, you protect them from harm while taking the brunt of any attacks made against them.",,1 AP (may be used as an Interrupt when the target is hit by an attack),,An ally within [Theurgy Skill Total] meters,"The target is linked to you for the rest of the encounter. While linked, if the target would lose Health, instead you lose that much Health (target still suffers other effects). You may end the link at any time; it ends if you become Downed/incapacitated. When cast, you may commit it to make the link last until you uncommit.",,,Theurgy 3,Theurgy,,,,,,
T111,Reckoning,2,2,"Theurgy Spell, Encounter",,,2 AP,,A creature within [Theurgy Skill Total] meters,"Make a Theurgy spell attack against the target's Mental Defense. If it hits, they are Crippled 5 + [Clubs] times.",,,Theurgy 3,Theurgy,,,,,,
T112,Sculpt Stone,2,2,"Theurgy Spell, Encounter","You manipulate and shape the earth around you, allowing you to quickly break the earth to create barriers — or tear them down.",,2 AP (or 10 minutes for extended version),,Up to [twice your Mind] square meters within [Theurgy Skill Total] meters (each space must be adjacent to earth or stone),"You move earth into or out of the target spaces. A 1-meter barricade provides Light Cover; 2 meters provides Heavy or Total Cover. If you spend 10 minutes casting, it is not expended and you can shape the earth into walls, pillars, sculptures, or other structures (limited by Craft Skill Total for complex shapes).",,,"Theurgy 3, Survival 2","Theurgy, Survival",,,,,,
T113,Spectral Spiderwebs,2,2,"Theurgy Spell, Encounter",,,1 AP,Discard X cards (X may be 0),Up to X + 1 creatures within [Theurgy Skill Total] meters,"Make a Theurgy spell attack against each target's Dodge Defense. If the attack hits, the target is Slowed 4 + [Spades] times. Discarded cards are counted in the attack's suit pool.",,,"Theurgy 3, Survival 2","Theurgy, Survival",TRUE,,,,,
T114,Summon Spectre,2,2,"Theurgy Spell, Encounter","You summon a low-level shade, either bringing one from the Otherlands or forming one from ambient shadow energy.",,2 AP,,An empty space within [Theurgy Skill Total] meters,"You Summon a Spectre in the target space, lasting for the encounter. When cast, you may commit this Spell; if you do, the Spectre lasts as long as you keep this Spell committed.",,,"Theurgy 3, Academics 2","Theurgy, Academics",,,,,,
T115,Weatherworking,2,2,"Theurgy Spell, Encounter","Speaking to the earth, wind, and sky, you can wield the power of the weather itself.",,10 minutes (or 2 AP if you discard a card),Discard a card (to cast in 2 AP instead of 10 minutes),An area [Mind] km in radius centered on you,"Change weather of the target area starting 3 rounds later, lasting for the encounter. Make a Theurgy flip; difficulty based on desired power: Minor (Diff 9): light rain/wind; Moderate (Diff 13): fog, thick clouds, Light Cover; Major (Diff 17): extreme effects, Heavy Cover, terrain alteration. Each Extra Success: expand area by [Mind] km or extend duration by 1 hour.",,,"Theurgy 3, Survival 2","Theurgy, Survival",TRUE,,,,,
T116,Cloak of Awe,3,3,"Theurgy Spell, Encounter","Laying a mantle of flaring light over an ally, you stagger and shake enemies, driving them away from your friends.",,1 AP,,Yourself or an ally within [Theurgy Skill Total] meters,Make a Theurgy spell attack against the Mental Defense of each enemy within 3 meters of the target. The target Frightens each creature hit 3 + [Hearts] times.,,,Theurgy 4,Theurgy,,,,,,
T117,Cloak of Command,3,3,"Theurgy Spell, Encounter","Wrapping an ally with bands of compelling power, you draw your enemies' attention away from others and towards them instead.",,1 AP,,Yourself or an ally within [Theurgy Skill Total] meters,Make a Theurgy spell attack against the Mental Defense of each enemy within 3 meters of the target. The target Taunts each creature hit 3 + [Hearts] times.,,,Theurgy 4,Theurgy,,,,,,
T118,Earthquake,4,4,"Theurgy Spell, Encounter","Reaching into the depths of the earth with your power, you agitate the ground into a state of turmoil and uproar.",,2 AP,,"An area [Theurgy Skill Total] meters in radius, centered on a point within [twice Theurgy Skill Total] meters (no line of sight required)","Create powerful tremors lasting for the encounter. All affected terrain has 1 level of Difficult Terrain. Any creature in the area when the Spell begins, moves/is Pushed into it, or ends their turn there is Crippled twice and Harried twice. At encounter's end, structures and terrain may suffer permanent damage.",,,"Theurgy 5, Survival 4","Theurgy, Survival",,,,,,
T119,Spiritual Intervention,5,5,"Theurgy Spell, Encounter","As a sturdy boulder in the frantic storm of the world, you extend your magic to bend the fabric of existence itself.",,0 AP - Interrupt (any time),Discard a card,,Choose another Theurgy Spell you know with Level no greater than 4 and taking no more than 2 AP to cast. This Spell has the same effects as that Spell; if that Spell has costs you must also pay them; that Spell is not expended.,,,"Theurgy 5, Sorcery 5","Theurgy, Sorcery",TRUE,,,,,
T120,War Magic,1,4,"Sorcery Spell, Buildable, Encounter",,,2 AP,,An adjacent creature,"Make a Sorcery spell attack against the target's Defense (Dodge or Vital, chosen when you learn this). If it hits, it deals 2 + [your Mind] Fire damage.","When you learn this, choose features that apply (see Features sheet). Points: Level 1: 1 basic; Level 2: 3 basic; Level 3: 4 basic/advanced; Level 4: 6 basic/advanced.",,Sorcery [Level + 1],Sorcery,,,TRUE,,,
T121,Force Missiles,1,1,"Sorcery Spell, Encounter",Even a basic understanding of the elemental arts allows a warmage to quickly barrage a foe with explosions of force.,,1 AP,,A creature within [Sorcery Skill Total] meters,Make a Sorcery spell attack against the target's Dodge or Parry Defense. The spell attack deals 3 + [Mind] Physical damage.,,,Sorcery 2,Sorcery,,,,,,
T122,Gainsay,1,1,"Sorcery Spell, Encounter","""Here we are at last, Conflagrator. We shall finally see, once and for all, whether my blade or your magic shall prove more nimble!""",,2 AP - Interrupt (A weapon attack is declared against you),,The creature attacking you,Cast a Sorcery Spell against the target. The Spell cannot take more than 2 AP to cast.,,,"Sorcery 2, Insight 2","Sorcery, Insight",,,,,,
T123,Wall of Shadows,2,2,"Sorcery Spell, Encounter","You conjure a wave of swirling, opaque shadow to obscure an area from sight.",,2 AP,,"Up to [Sorcery Skill Total] connected spaces, each within [Sorcery Skill Total] meters; each 3 meters tall","You summon a wall of swirling shadows for the scene. Creatures cannot see through the wall or anything within it, but it is not solid. Attacks into or through the wall treat it as Heavy Cover.",,,"Sorcery 3, Resilience 2","Sorcery, Resilience",,,,,,
T124,Warmage's Reserves,2,2,Sorcery Spell,"At the Warmage's Garrison in the cosmopolitan City of Five Ports, multidisciplinary study of elemental magic has led to impressive advancements.",,0 AP - Interrupt (any time),Discard X cards,,Regain the use of a Sorcery Spell Encounter Technique with Level [X + 1] or less. X is increased by 1 for each Club discarded to this Technique.,,,"Sorcery 3, Academics 2","Sorcery, Academics",TRUE,,,,,
T125,Summon Elemental Warrior,3,3,"Sorcery Spell, Encounter","Twisting elemental magic into solid form, you bring an elemental into being — a creature of energy and magic that you can command to destroy your enemies.",,2 AP,,An empty space within [Sorcery Skill Total] meters,"You Summon an Elemental Warrior in the target space, lasting for the encounter. When cast, you may commit this Spell; if you do, the Elemental lasts as long as you keep this Spell committed.",,,Sorcery 4,Sorcery,,,,,,
T126,Wall of Ice,3,3,"Sorcery Spell, Encounter","With a wave of your arms you raise a cliff of solid ice, splitting a skirmish in two, or boxing in an unfortunate enemy.",,2 AP,,Up to [Sorcery Skill Total] connected spaces within [Sorcery Skill Total] meters; each 3 meters tall,"You summon a wall of ice that lasts for the encounter. Creatures that would be in a space the wall occupies are moved to the nearest unoccupied adjacent space. Each space of wall has 4 Health and [Mind] Soak against all damage except Fire. When a space loses all Health, that section is destroyed.",,,Sorcery 4,Sorcery,,,,,,
T127,Wall of Fire,4,4,"Sorcery Spell, Encounter","You conjure a curtain of burning fire, threatening to incinerate anyone who passes through it.",,2 AP,,Up to [Sorcery Skill Total] connected spaces within [Sorcery Skill Total] meters; each 3 meters tall,"You summon a wall of fire lasting for the scene. Creatures in the area when it begins may spend 1 AP (interrupt) to Shift 1 meter. Anyone in the area when the wall appears, moves/is Pushed into the area, or ends their turn there takes 3 + [your Mind] Fire damage.",,,Sorcery 5,Sorcery,,,,,,
T128,Lawman's Hand,1,1,Stance,With some basic anatomic knowledge you know how to reliably incapacitate a foe instead of killing them.,,Passive (Stance),,,You do not suffer Bad Luck as usual for making non-lethal attacks.,,,Medicine 2,Medicine,,,,,,
T129,Disciple of the Flowing Hand,2,2,Stance,"Thanks to your training in the style of unarmored fighting, you easily flow like water around your weighed-down opponents.",You are not wearing armor,Passive (Stance),,,Attacks against your Dodge or Parry Defense have Bad Luck.,,,(Acrobatics or Brawl) 3,"Acrobatics, Brawl",,,,,,
T130,Furious Rage,2,2,Stance,"You keep your bloodrage on a short leash, and at a moment's notice you can let loose and become a fearsome but reckless warrior.",,Passive (Stance),,,"While in this Stance: You may not Parry. If a target Parries or is hit by one of your attacks, they gain a stack of Bleeding. Ignore any stacks of Taunted or Frightened you have. Ignore any penalties from being Wounded.",,,"Might 3, Resilience 2","Might, Resilience",,,,,,
T131,Hand of Chaos,2,2,Stance,"Allowing your hand to be guided by the subtle winds of fate, your fighting sometimes turns up surprising results.",,Passive (Stance),,,"Whenever you make an attack, Sift 1 card and add its suit to the pool.",,,Insight 3,Insight,,,,,,
T132,Indomitable Phalanx,2,2,Stance,"With a wide guard and intense focus, you can account for attacks from an entire squad of soldiers.",,Passive (Stance),,,"At all times, you may ignore up to two stacks of Harried you have.",,,"(Acrobatics or Brawl) 3, Insight 2","Acrobatics, Brawl, Insight",,,,,,
T133,Placeholder's Lengthy Ley-weaving,2,2,Stance,"""...the mighty Placeholder was so in-tune with the flow of magic that he could grasp the very lines of power that lie within the earth...""",,Passive (Stance),,,Your Spells and non-weapon-attack Disciplines have their Ranges increased by 3 meters.,,,"(Sorcery, Meditation, or Theurgy) 3","Sorcery, Meditation, Theurgy",,,,,,
T134,Lion Style - Eternal Riposte,2,2,Stance,"""Our pirates boarded the ship to find the crew hiding belowdecks, and a single woman standing before us...""","You are wielding a non-shield weapon in one hand, and the other is empty",Passive (Stance) + Interrupt reaction,,,"As an Interrupt when you Parry an attack, choose one: (a) For 0 AP, make a weapon attack against the attacker. (b) For 1 AP, use a Technique that takes no more than 2 AP and has you make a weapon attack against the attacker but no other targets.",,,"(Brawl or Melee) 3, Insight 2","Brawl, Melee, Insight",,,,,,
T135,Shugen Style - Spirit Hands,2,2,Stance,"A fundamental practice of the spiritual arts, you actively circulate your energy throughout your body to deliver powerful blows backed by spiritual power.",Your hands are empty,Passive (Stance),,,"If your Unarmed weapon attacks would deal Physical damage, they instead deal it as Brilliant damage.",,,"Brawl 3, Meditation 2","Brawl, Meditation",,,,,,
T136,Tiger Style - Storm of Blades,2,2,Stance,"As a fighter perfects the art of two-weapon fighting, their style takes on a certain beauty.",You are wielding two non-shield weapons,Passive (Stance) + reaction,,,"Once per round immediately after you make an attack with one of your weapons (before anything else), you may spend 1 AP to make an identical attack with your other weapon, applying any ability (but not weapon) effects from the initial attack.",,,"(Acrobatics, Brawl, or Melee) 3, Acrobatics 2","Acrobatics, Brawl, Melee",,,,,,
T137,Eagle Eyes,3,3,Stance,"Sharpening your focus for a moment, you guide each shot to your target with unerring precision.",,Passive (Stance) + reaction,,,"Whenever you take an action involving one or more attacks with a ranged weapon, you may spend an extra 1 AP. If you do, those attacks have Good Luck twice.",,,(Acrobatics or Archery) 4,"Acrobatics, Archery",,,,,,
T138,Follow Through,3,3,Stance,"When your blows fell an enemy you can carry the force from the attack forward, striking another foe down.",You are wielding a two-handed close-range weapon,Passive (Stance) + reaction,,,"When one of your weapon attacks with a two-handed close-range weapon Downs a creature, you may immediately make an attack with that weapon against another creature next to the initial target.",,,"(Brawl or Melee) 4, Might 3","Brawl, Melee, Might",,,,,,
T139,Inexhaustible Guardian,3,3,Stance,"As a pillar of courage and resilience on the battlefield, you never tire or falter under duress.",You are wielding a shield,Passive (Stance) + reaction,,,"Whenever you Parry an enemy's attack, gain 1 stack of Protected.",,,"Melee 4, Athletics 3","Melee, Athletics",,,,,,
T140,Overchanneling,3,3,Stance,Many styles of warmage training focus on overwhelming power and raw eldritch offense over all else.,,Passive (Stance),,,Your damaging spell attacks and non-weapon discipline attacks deal +1 damage. You may not Parry.,,,(Sorcery or Meditation) 4,"Sorcery, Meditation",,,,,,
